id_partido,date,home_team,away_team,home_score,away_score,tournament,city,country,neutral,anio,total_goles,diferencia_goles,ganador
1,1930-07-13,Belgium,United States,0,3,FIFA World Cup,Montevideo,Uruguay,True,1930,3,3,Visitante
2,1930-07-13,France,Mexico,4,1,FIFA World Cup,Montevideo,Uruguay,True,1930,5,3,Local
3,1930-07-14,Brazil,Yugoslavia,1,2,FIFA World Cup,Montevideo,Uruguay,True,1930,3,1,Visitante
4,1930-07-14,Peru,Romania,1,3,FIFA World Cup,Montevideo,Uruguay,True,1930,4,2,Visitante
5,1930-07-15,Argentina,France,1,0,FIFA World Cup,Montevideo,Uruguay,True,1930,1,1,Local
6,1930-07-16,Chile,Mexico,3,0,FIFA World Cup,Montevideo,Uruguay,True,1930,3,3,Local
7,1930-07-17,Bolivia,Yugoslavia,0,4,FIFA World Cup,Montevideo,Uruguay,True,1930,4,4,Visitante
8,1930-07-17,Paraguay,United States,0,3,FIFA World Cup,Montevideo,Uruguay,True,1930,3,3,Visitante
9,1930-07-18,Uruguay,Peru,1,0,FIFA World Cup,Montevideo,Uruguay,False,1930,1,1,Local
10,1930-07-19,Argentina,Mexico,6,3,FIFA World Cup,Montevideo,Uruguay,True,1930,9,3,Local
11,1930-07-19,Chile,France,1,0,FIFA World Cup,Montevideo,Uruguay,True,1930,1,1,Local
12,1930-07-20,Belgium,Paraguay,0,1,FIFA World Cup,Montevideo,Uruguay,True,1930,1,1,Visitante
13,1930-07-20,Bolivia,Brazil,0,4,FIFA World Cup,Montevideo,Uruguay,True,1930,4,4,Visitante
14,1930-07-21,Uruguay,Romania,4,0,FIFA World Cup,Montevideo,Uruguay,False,1930,4,4,Local
15,1930-07-22,Argentina,Chile,3,1,FIFA World Cup,Montevideo,Uruguay,True,1930,4,2,Local
16,1930-07-26,Argentina,United States,6,1,FIFA World Cup,Montevideo,Uruguay,True,1930,7,5,Local
17,1930-07-27,Uruguay,Yugoslavia,6,1,FIFA World Cup,Montevideo,Uruguay,False,1930,7,5,Local
18,1930-07-30,Uruguay,Argentina,4,2,FIFA World Cup,Montevideo,Uruguay,False,1930,6,2,Local
19,1934-05-27,Argentina,Sweden,2,3,FIFA World Cup,Bologna,Italy,True,1934,5,1,Visitante
20,1934-05-27,Austria,France,3,2,FIFA World Cup,Turin,Italy,True,1934,5,1,Local
21,1934-05-27,Belgium,Germany,2,5,FIFA World Cup,Florence,Italy,True,1934,7,3,Visitante
22,1934-05-27,Brazil,Spain,1,3,FIFA World Cup,Genoa,Italy,True,1934,4,2,Visitante
23,1934-05-27,Czechoslovakia,Romania,2,1,FIFA World Cup,Trieste,Italy,True,1934,3,1,Local
24,1934-05-27,Egypt,Hungary,2,4,FIFA World Cup,Naples,Italy,True,1934,6,2,Visitante
25,1934-05-27,Italy,United States,7,1,FIFA World Cup,Rome,Italy,False,1934,8,6,Local
26,1934-05-27,Netherlands,Switzerland,2,3,FIFA World Cup,Milan,Italy,True,1934,5,1,Visitante
27,1934-05-31,Austria,Hungary,2,1,FIFA World Cup,Bologna,Italy,True,1934,3,1,Local
28,1934-05-31,Czechoslovakia,Switzerland,3,2,FIFA World Cup,Turin,Italy,True,1934,5,1,Local
29,1934-05-31,Germany,Sweden,2,1,FIFA World Cup,Milan,Italy,True,1934,3,1,Local
30,1934-05-31,Italy,Spain,1,1,FIFA World Cup,Florence,Italy,False,1934,2,0,Empate
31,1934-06-01,Italy,Spain,1,0,FIFA World Cup,Florence,Italy,False,1934,1,1,Local
32,1934-06-03,Czechoslovakia,Germany,3,1,FIFA World Cup,Rome,Italy,True,1934,4,2,Local
33,1934-06-03,Italy,Austria,1,0,FIFA World Cup,Milan,Italy,False,1934,1,1,Local
34,1934-06-07,Austria,Germany,2,3,FIFA World Cup,Naples,Italy,True,1934,5,1,Visitante
35,1934-06-10,Italy,Czechoslovakia,2,1,FIFA World Cup,Rome,Italy,False,1934,3,1,Local
36,1938-06-04,Germany,Switzerland,1,1,FIFA World Cup,Paris,France,True,1938,2,0,Empate
37,1938-06-05,Brazil,Poland,6,5,FIFA World Cup,Strasbourg,France,True,1938,11,1,Local
38,1938-06-05,Cuba,Romania,3,3,FIFA World Cup,Toulouse,France,True,1938,6,0,Empate
39,1938-06-05,Czechoslovakia,Netherlands,3,0,FIFA World Cup,Le Havre,France,True,1938,3,3,Local
40,1938-06-05,France,Belgium,3,1,FIFA World Cup,Colombes,France,False,1938,4,2,Local
41,1938-06-05,Hungary,Indonesia,6,0,FIFA World Cup,Reims,France,True,1938,6,6,Local
42,1938-06-05,Italy,Norway,2,1,FIFA World Cup,Marseille,France,True,1938,3,1,Local
43,1938-06-09,Cuba,Romania,2,1,FIFA World Cup,Toulouse,France,True,1938,3,1,Local
44,1938-06-09,Germany,Switzerland,2,4,FIFA World Cup,Paris,France,True,1938,6,2,Visitante
45,1938-06-12,Brazil,Czechoslovakia,1,1,FIFA World Cup,Bordeaux,France,True,1938,2,0,Empate
46,1938-06-12,Cuba,Sweden,0,8,FIFA World Cup,Antibes,France,True,1938,8,8,Visitante
47,1938-06-12,France,Italy,1,3,FIFA World Cup,Colombes,France,False,1938,4,2,Visitante
48,1938-06-12,Hungary,Switzerland,2,0,FIFA World Cup,Lille,France,True,1938,2,2,Local
49,1938-06-14,Brazil,Czechoslovakia,2,1,FIFA World Cup,Bordeaux,France,True,1938,3,1,Local
50,1938-06-16,Brazil,Italy,1,2,FIFA World Cup,Marseille,France,True,1938,3,1,Visitante
51,1938-06-16,Hungary,Sweden,5,1,FIFA World Cup,Paris,France,True,1938,6,4,Local
52,1938-06-19,Brazil,Sweden,4,2,FIFA World Cup,Bordeaux,France,True,1938,6,2,Local
53,1938-06-19,Hungary,Italy,2,4,FIFA World Cup,Colombes,France,True,1938,6,2,Visitante
54,1950-06-24,Brazil,Mexico,4,0,FIFA World Cup,Rio de Janeiro,Brazil,False,1950,4,4,Local
55,1950-06-25,Chile,England,0,2,FIFA World Cup,Rio de Janeiro,Brazil,True,1950,2,2,Visitante
56,1950-06-25,Italy,Sweden,2,3,FIFA World Cup,São Paulo,Brazil,True,1950,5,1,Visitante
57,1950-06-25,Spain,United States,3,1,FIFA World Cup,Curitiba,Brazil,True,1950,4,2,Local
58,1950-06-25,Switzerland,Yugoslavia,0,3,FIFA World Cup,Belo Horizonte,Brazil,True,1950,3,3,Visitante
59,1950-06-28,Brazil,Switzerland,2,2,FIFA World Cup,São Paulo,Brazil,False,1950,4,0,Empate
60,1950-06-28,Mexico,Yugoslavia,1,4,FIFA World Cup,Porto Alegre,Brazil,True,1950,5,3,Visitante
61,1950-06-29,Chile,Spain,0,2,FIFA World Cup,Rio de Janeiro,Brazil,True,1950,2,2,Visitante
62,1950-06-29,England,United States,0,1,FIFA World Cup,Belo Horizonte,Brazil,True,1950,1,1,Visitante
63,1950-06-29,Paraguay,Sweden,2,2,FIFA World Cup,Curitiba,Brazil,True,1950,4,0,Empate
64,1950-07-01,Brazil,Yugoslavia,2,0,FIFA World Cup,Rio de Janeiro,Brazil,False,1950,2,2,Local
65,1950-07-02,Bolivia,Uruguay,0,8,FIFA World Cup,Belo Horizonte,Brazil,True,1950,8,8,Visitante
66,1950-07-02,Chile,United States,5,2,FIFA World Cup,Recife,Brazil,True,1950,7,3,Local
67,1950-07-02,England,Spain,0,1,FIFA World Cup,Rio de Janeiro,Brazil,True,1950,1,1,Visitante
68,1950-07-02,Italy,Paraguay,2,0,FIFA World Cup,São Paulo,Brazil,True,1950,2,2,Local
69,1950-07-02,Mexico,Switzerland,1,2,FIFA World Cup,Porto Alegre,Brazil,True,1950,3,1,Visitante
70,1950-07-09,Brazil,Sweden,7,1,FIFA World Cup,Rio de Janeiro,Brazil,False,1950,8,6,Local
71,1950-07-09,Spain,Uruguay,2,2,FIFA World Cup,São Paulo,Brazil,True,1950,4,0,Empate
72,1950-07-13,Brazil,Spain,6,1,FIFA World Cup,Rio de Janeiro,Brazil,False,1950,7,5,Local
73,1950-07-13,Sweden,Uruguay,2,3,FIFA World Cup,São Paulo,Brazil,True,1950,5,1,Visitante
74,1950-07-16,Brazil,Uruguay,1,2,FIFA World Cup,Rio de Janeiro,Brazil,False,1950,3,1,Visitante
75,1950-07-16,Spain,Sweden,1,3,FIFA World Cup,São Paulo,Brazil,True,1950,4,2,Visitante
76,1954-06-16,Austria,Scotland,1,0,FIFA World Cup,Zürich,Switzerland,True,1954,1,1,Local
77,1954-06-16,Brazil,Mexico,5,0,FIFA World Cup,Geneva,Switzerland,True,1954,5,5,Local
78,1954-06-16,Czechoslovakia,Uruguay,0,2,FIFA World Cup,Bern,Switzerland,True,1954,2,2,Visitante
79,1954-06-16,France,Yugoslavia,0,1,FIFA World Cup,Lausanne,Switzerland,True,1954,1,1,Visitante
80,1954-06-17,Belgium,England,4,4,FIFA World Cup,Basel,Switzerland,True,1954,8,0,Empate
81,1954-06-17,Germany,Turkey,4,1,FIFA World Cup,Bern,Switzerland,True,1954,5,3,Local
82,1954-06-17,Hungary,South Korea,9,0,FIFA World Cup,Zürich,Switzerland,True,1954,9,9,Local
83,1954-06-17,Switzerland,Italy,2,1,FIFA World Cup,Lausanne,Switzerland,False,1954,3,1,Local
84,1954-06-19,Austria,Czechoslovakia,5,0,FIFA World Cup,Zürich,Switzerland,True,1954,5,5,Local
85,1954-06-19,Brazil,Yugoslavia,1,1,FIFA World Cup,Lausanne,Switzerland,True,1954,2,0,Empate
86,1954-06-19,France,Mexico,3,2,FIFA World Cup,Geneva,Switzerland,True,1954,5,1,Local
87,1954-06-19,Scotland,Uruguay,0,7,FIFA World Cup,Basel,Switzerland,True,1954,7,7,Visitante
88,1954-06-20,Belgium,Italy,1,4,FIFA World Cup,Lugano,Switzerland,True,1954,5,3,Visitante
89,1954-06-20,Germany,Hungary,3,8,FIFA World Cup,Basel,Switzerland,True,1954,11,5,Visitante
90,1954-06-20,South Korea,Turkey,0,7,FIFA World Cup,Geneva,Switzerland,True,1954,7,7,Visitante
91,1954-06-20,Switzerland,England,0,2,FIFA World Cup,Bern,Switzerland,False,1954,2,2,Visitante
92,1954-06-23,Germany,Turkey,7,2,FIFA World Cup,Zürich,Switzerland,True,1954,9,5,Local
93,1954-06-23,Switzerland,Italy,4,1,FIFA World Cup,Basel,Switzerland,False,1954,5,3,Local
94,1954-06-26,England,Uruguay,2,4,FIFA World Cup,Basel,Switzerland,True,1954,6,2,Visitante
95,1954-06-26,Switzerland,Austria,5,7,FIFA World Cup,Lausanne,Switzerland,False,1954,12,2,Visitante
96,1954-06-27,Brazil,Hungary,2,4,FIFA World Cup,Bern,Switzerland,True,1954,6,2,Visitante
97,1954-06-27,Germany,Yugoslavia,2,0,FIFA World Cup,Geneva,Switzerland,True,1954,2,2,Local
98,1954-06-30,Austria,Germany,1,6,FIFA World Cup,Basel,Switzerland,True,1954,7,5,Visitante
99,1954-06-30,Hungary,Uruguay,4,2,FIFA World Cup,Lausanne,Switzerland,True,1954,6,2,Local
100,1954-07-03,Austria,Uruguay,3,1,FIFA World Cup,Zürich,Switzerland,True,1954,4,2,Local
101,1954-07-04,Germany,Hungary,3,2,FIFA World Cup,Bern,Switzerland,True,1954,5,1,Local
102,1958-06-08,Argentina,Germany,1,3,FIFA World Cup,Malmö,Sweden,True,1958,4,2,Visitante
103,1958-06-08,Austria,Brazil,0,3,FIFA World Cup,Uddevalla,Sweden,True,1958,3,3,Visitante
104,1958-06-08,Czechoslovakia,Northern Ireland,0,1,FIFA World Cup,Halmstad,Sweden,True,1958,1,1,Visitante
105,1958-06-08,England,Russia,2,2,FIFA World Cup,Gothenburg,Sweden,True,1958,4,0,Empate
106,1958-06-08,France,Paraguay,7,3,FIFA World Cup,Norrköping,Sweden,True,1958,10,4,Local
107,1958-06-08,Hungary,Wales,1,1,FIFA World Cup,Sandviken,Sweden,True,1958,2,0,Empate
108,1958-06-08,Scotland,Yugoslavia,1,1,FIFA World Cup,Västerås,Sweden,True,1958,2,0,Empate
109,1958-06-08,Sweden,Mexico,3,0,FIFA World Cup,Solna,Sweden,False,1958,3,3,Local
110,1958-06-11,Argentina,Northern Ireland,3,1,FIFA World Cup,Halmstad,Sweden,True,1958,4,2,Local
111,1958-06-11,Austria,Russia,0,2,FIFA World Cup,Borås,Sweden,True,1958,2,2,Visitante
112,1958-06-11,Brazil,England,0,0,FIFA World Cup,Gothenburg,Sweden,True,1958,0,0,Empate
113,1958-06-11,Czechoslovakia,Germany,2,2,FIFA World Cup,Helsingborg,Sweden,True,1958,4,0,Empate
114,1958-06-11,France,Yugoslavia,2,3,FIFA World Cup,Västerås,Sweden,True,1958,5,1,Visitante
115,1958-06-11,Mexico,Wales,1,1,FIFA World Cup,Solna,Sweden,True,1958,2,0,Empate
116,1958-06-11,Paraguay,Scotland,3,2,FIFA World Cup,Norrköping,Sweden,True,1958,5,1,Local
117,1958-06-12,Sweden,Hungary,2,1,FIFA World Cup,Solna,Sweden,False,1958,3,1,Local
118,1958-06-15,Argentina,Czechoslovakia,1,6,FIFA World Cup,Helsingborg,Sweden,True,1958,7,5,Visitante
119,1958-06-15,Austria,England,2,2,FIFA World Cup,Borås,Sweden,True,1958,4,0,Empate
120,1958-06-15,Brazil,Russia,2,0,FIFA World Cup,Gothenburg,Sweden,True,1958,2,2,Local
121,1958-06-15,France,Scotland,2,1,FIFA World Cup,Örebro,Sweden,True,1958,3,1,Local
122,1958-06-15,Germany,Northern Ireland,2,2,FIFA World Cup,Malmö,Sweden,True,1958,4,0,Empate
123,1958-06-15,Hungary,Mexico,4,0,FIFA World Cup,Sandviken,Sweden,True,1958,4,4,Local
124,1958-06-15,Paraguay,Yugoslavia,3,3,FIFA World Cup,Eskilstuna,Sweden,True,1958,6,0,Empate
125,1958-06-15,Sweden,Wales,0,0,FIFA World Cup,Solna,Sweden,False,1958,0,0,Empate
126,1958-06-17,Czechoslovakia,Northern Ireland,1,2,FIFA World Cup,Malmö,Sweden,True,1958,3,1,Visitante
127,1958-06-17,England,Russia,0,1,FIFA World Cup,Gothenburg,Sweden,True,1958,1,1,Visitante
128,1958-06-17,Hungary,Wales,1,2,FIFA World Cup,Solna,Sweden,True,1958,3,1,Visitante
129,1958-06-19,Brazil,Wales,1,0,FIFA World Cup,Gothenburg,Sweden,True,1958,1,1,Local
130,1958-06-19,France,Northern Ireland,4,0,FIFA World Cup,Norrköping,Sweden,True,1958,4,4,Local
131,1958-06-19,Germany,Yugoslavia,1,0,FIFA World Cup,Malmö,Sweden,True,1958,1,1,Local
132,1958-06-19,Sweden,Russia,2,0,FIFA World Cup,Solna,Sweden,False,1958,2,2,Local
133,1958-06-24,Brazil,France,5,2,FIFA World Cup,Solna,Sweden,True,1958,7,3,Local
134,1958-06-24,Sweden,Germany,3,1,FIFA World Cup,Gothenburg,Sweden,False,1958,4,2,Local
135,1958-06-28,France,Germany,6,3,FIFA World Cup,Gothenburg,Sweden,True,1958,9,3,Local
136,1958-06-29,Sweden,Brazil,2,5,FIFA World Cup,Solna,Sweden,False,1958,7,3,Visitante
137,1962-05-30,Argentina,Bulgaria,1,0,FIFA World Cup,Rancagua,Chile,True,1962,1,1,Local
138,1962-05-30,Brazil,Mexico,2,0,FIFA World Cup,Viña del Mar,Chile,True,1962,2,2,Local
139,1962-05-30,Chile,Switzerland,3,1,FIFA World Cup,Santiago,Chile,False,1962,4,2,Local
140,1962-05-30,Colombia,Uruguay,1,2,FIFA World Cup,Arica,Chile,True,1962,3,1,Visitante
141,1962-05-31,Czechoslovakia,Spain,1,0,FIFA World Cup,Viña del Mar,Chile,True,1962,1,1,Local
142,1962-05-31,England,Hungary,1,2,FIFA World Cup,Rancagua,Chile,True,1962,3,1,Visitante
143,1962-05-31,Germany,Italy,0,0,FIFA World Cup,Santiago,Chile,True,1962,0,0,Empate
144,1962-05-31,Russia,Yugoslavia,2,0,FIFA World Cup,Arica,Chile,True,1962,2,2,Local
145,1962-06-02,Argentina,England,1,3,FIFA World Cup,Rancagua,Chile,True,1962,4,2,Visitante
146,1962-06-02,Brazil,Czechoslovakia,0,0,FIFA World Cup,Viña del Mar,Chile,True,1962,0,0,Empate
147,1962-06-02,Chile,Italy,2,0,FIFA World Cup,Santiago,Chile,False,1962,2,2,Local
148,1962-06-02,Uruguay,Yugoslavia,1,3,FIFA World Cup,Arica,Chile,True,1962,4,2,Visitante
149,1962-06-03,Bulgaria,Hungary,1,6,FIFA World Cup,Rancagua,Chile,True,1962,7,5,Visitante
150,1962-06-03,Colombia,Russia,4,4,FIFA World Cup,Arica,Chile,True,1962,8,0,Empate
151,1962-06-03,Germany,Switzerland,2,1,FIFA World Cup,Santiago,Chile,True,1962,3,1,Local
152,1962-06-03,Mexico,Spain,0,1,FIFA World Cup,Viña del Mar,Chile,True,1962,1,1,Visitante
153,1962-06-06,Argentina,Hungary,0,0,FIFA World Cup,Rancagua,Chile,True,1962,0,0,Empate
154,1962-06-06,Brazil,Spain,2,1,FIFA World Cup,Viña del Mar,Chile,True,1962,3,1,Local
155,1962-06-06,Chile,Germany,0,2,FIFA World Cup,Santiago,Chile,False,1962,2,2,Visitante
156,1962-06-06,Russia,Uruguay,2,1,FIFA World Cup,Arica,Chile,True,1962,3,1,Local
157,1962-06-07,Bulgaria,England,0,0,FIFA World Cup,Rancagua,Chile,True,1962,0,0,Empate
158,1962-06-07,Colombia,Yugoslavia,0,5,FIFA World Cup,Arica,Chile,True,1962,5,5,Visitante
159,1962-06-07,Czechoslovakia,Mexico,1,3,FIFA World Cup,Viña del Mar,Chile,True,1962,4,2,Visitante
160,1962-06-07,Italy,Switzerland,3,0,FIFA World Cup,Santiago,Chile,True,1962,3,3,Local
161,1962-06-10,Brazil,England,3,1,FIFA World Cup,Viña del Mar,Chile,True,1962,4,2,Local
162,1962-06-10,Chile,Russia,2,1,FIFA World Cup,Arica,Chile,False,1962,3,1,Local
163,1962-06-10,Czechoslovakia,Hungary,1,0,FIFA World Cup,Rancagua,Chile,True,1962,1,1,Local
164,1962-06-10,Germany,Yugoslavia,0,1,FIFA World Cup,Santiago,Chile,True,1962,1,1,Visitante
165,1962-06-13,Chile,Brazil,2,4,FIFA World Cup,Santiago,Chile,False,1962,6,2,Visitante
166,1962-06-13,Czechoslovakia,Yugoslavia,3,1,FIFA World Cup,Viña del Mar,Chile,True,1962,4,2,Local
167,1962-06-16,Chile,Yugoslavia,1,0,FIFA World Cup,Santiago,Chile,False,1962,1,1,Local
168,1962-06-17,Brazil,Czechoslovakia,3,1,FIFA World Cup,Santiago,Chile,True,1962,4,2,Local
169,1966-07-11,England,Uruguay,0,0,FIFA World Cup,London,England,False,1966,0,0,Empate
170,1966-07-12,Brazil,Bulgaria,2,0,FIFA World Cup,Liverpool,England,True,1966,2,2,Local
171,1966-07-12,Germany,Switzerland,5,0,FIFA World Cup,Sheffield,England,True,1966,5,5,Local
172,1966-07-12,North Korea,Russia,0,3,FIFA World Cup,Middlesbrough,England,True,1966,3,3,Visitante
173,1966-07-13,Argentina,Spain,2,1,FIFA World Cup,Birmingham,England,True,1966,3,1,Local
174,1966-07-13,Chile,Italy,0,2,FIFA World Cup,Sunderland,England,True,1966,2,2,Visitante
175,1966-07-13,France,Mexico,1,1,FIFA World Cup,London,England,True,1966,2,0,Empate
176,1966-07-13,Hungary,Portugal,1,3,FIFA World Cup,Manchester,England,True,1966,4,2,Visitante
177,1966-07-15,Brazil,Hungary,1,3,FIFA World Cup,Liverpool,England,True,1966,4,2,Visitante
178,1966-07-15,Chile,North Korea,1,1,FIFA World Cup,Middlesbrough,England,True,1966,2,0,Empate
179,1966-07-15,France,Uruguay,1,2,FIFA World Cup,London,England,True,1966,3,1,Visitante
180,1966-07-15,Spain,Switzerland,2,1,FIFA World Cup,Sheffield,England,True,1966,3,1,Local
181,1966-07-16,Argentina,Germany,0,0,FIFA World Cup,Birmingham,England,True,1966,0,0,Empate
182,1966-07-16,Bulgaria,Portugal,0,3,FIFA World Cup,Manchester,England,True,1966,3,3,Visitante
183,1966-07-16,England,Mexico,2,0,FIFA World Cup,London,England,False,1966,2,2,Local
184,1966-07-16,Italy,Russia,0,1,FIFA World Cup,Sunderland,England,True,1966,1,1,Visitante
185,1966-07-19,Argentina,Switzerland,2,0,FIFA World Cup,Sheffield,England,True,1966,2,2,Local
186,1966-07-19,Brazil,Portugal,1,3,FIFA World Cup,Liverpool,England,True,1966,4,2,Visitante
187,1966-07-19,Italy,North Korea,0,1,FIFA World Cup,Middlesbrough,England,True,1966,1,1,Visitante
188,1966-07-19,Mexico,Uruguay,0,0,FIFA World Cup,London,England,True,1966,0,0,Empate
189,1966-07-20,Bulgaria,Hungary,1,3,FIFA World Cup,Manchester,England,True,1966,4,2,Visitante
190,1966-07-20,Chile,Russia,1,2,FIFA World Cup,Sunderland,England,True,1966,3,1,Visitante
191,1966-07-20,England,France,2,0,FIFA World Cup,London,England,False,1966,2,2,Local
192,1966-07-20,Germany,Spain,2,1,FIFA World Cup,Birmingham,England,True,1966,3,1,Local
193,1966-07-23,England,Argentina,1,0,FIFA World Cup,London,England,False,1966,1,1,Local
194,1966-07-23,Germany,Uruguay,4,0,FIFA World Cup,Sheffield,England,True,1966,4,4,Local
195,1966-07-23,Hungary,Russia,1,2,FIFA World Cup,Sunderland,England,True,1966,3,1,Visitante
196,1966-07-23,North Korea,Portugal,3,5,FIFA World Cup,Liverpool,England,True,1966,8,2,Visitante
197,1966-07-25,Germany,Russia,2,1,FIFA World Cup,Liverpool,England,True,1966,3,1,Local
198,1966-07-26,England,Portugal,2,1,FIFA World Cup,London,England,False,1966,3,1,Local
199,1966-07-28,Portugal,Russia,2,1,FIFA World Cup,London,England,True,1966,3,1,Local
200,1966-07-30,England,Germany,4,2,FIFA World Cup,London,England,False,1966,6,2,Local
201,1970-05-31,Mexico,Russia,0,0,FIFA World Cup,Mexico City,Mexico,False,1970,0,0,Empate
202,1970-06-02,Bulgaria,Peru,2,3,FIFA World Cup,León,Mexico,True,1970,5,1,Visitante
203,1970-06-02,England,Romania,1,0,FIFA World Cup,Guadalajara,Mexico,True,1970,1,1,Local
204,1970-06-02,Israel,Uruguay,0,2,FIFA World Cup,Puebla,Mexico,True,1970,2,2,Visitante
205,1970-06-03,Belgium,El Salvador,3,0,FIFA World Cup,Mexico City,Mexico,True,1970,3,3,Local
206,1970-06-03,Brazil,Czechoslovakia,4,1,FIFA World Cup,Guadalajara,Mexico,True,1970,5,3,Local
207,1970-06-03,Germany,Morocco,2,1,FIFA World Cup,León,Mexico,True,1970,3,1,Local
208,1970-06-03,Italy,Sweden,1,0,FIFA World Cup,Toluca,Mexico,True,1970,1,1,Local
209,1970-06-06,Belgium,Russia,1,4,FIFA World Cup,Mexico City,Mexico,True,1970,5,3,Visitante
210,1970-06-06,Czechoslovakia,Romania,1,2,FIFA World Cup,Guadalajara,Mexico,True,1970,3,1,Visitante
211,1970-06-06,Italy,Uruguay,0,0,FIFA World Cup,Puebla,Mexico,True,1970,0,0,Empate
212,1970-06-06,Morocco,Peru,0,3,FIFA World Cup,León,Mexico,True,1970,3,3,Visitante
213,1970-06-07,Brazil,England,1,0,FIFA World Cup,Guadalajara,Mexico,True,1970,1,1,Local
214,1970-06-07,Bulgaria,Germany,2,5,FIFA World Cup,León,Mexico,True,1970,7,3,Visitante
215,1970-06-07,Israel,Sweden,1,1,FIFA World Cup,Toluca,Mexico,True,1970,2,0,Empate
216,1970-06-07,Mexico,El Salvador,4,0,FIFA World Cup,Mexico City,Mexico,False,1970,4,4,Local
217,1970-06-10,Brazil,Romania,3,2,FIFA World Cup,Guadalajara,Mexico,True,1970,5,1,Local
218,1970-06-10,El Salvador,Russia,0,2,FIFA World Cup,Mexico City,Mexico,True,1970,2,2,Visitante
219,1970-06-10,Germany,Peru,3,1,FIFA World Cup,León,Mexico,True,1970,4,2,Local
220,1970-06-10,Sweden,Uruguay,1,0,FIFA World Cup,Puebla,Mexico,True,1970,1,1,Local
221,1970-06-11,Bulgaria,Morocco,1,1,FIFA World Cup,León,Mexico,True,1970,2,0,Empate
222,1970-06-11,Czechoslovakia,England,0,1,FIFA World Cup,Guadalajara,Mexico,True,1970,1,1,Visitante
223,1970-06-11,Israel,Italy,0,0,FIFA World Cup,Toluca,Mexico,True,1970,0,0,Empate
224,1970-06-11,Mexico,Belgium,1,0,FIFA World Cup,Mexico City,Mexico,False,1970,1,1,Local
225,1970-06-14,Brazil,Peru,4,2,FIFA World Cup,Guadalajara,Mexico,True,1970,6,2,Local
226,1970-06-14,England,Germany,2,3,FIFA World Cup,León,Mexico,True,1970,5,1,Visitante
227,1970-06-14,Mexico,Italy,1,4,FIFA World Cup,Toluca,Mexico,False,1970,5,3,Visitante
228,1970-06-14,Russia,Uruguay,0,1,FIFA World Cup,Mexico City,Mexico,True,1970,1,1,Visitante
229,1970-06-17,Brazil,Uruguay,3,1,FIFA World Cup,Guadalajara,Mexico,True,1970,4,2,Local
230,1970-06-17,Germany,Italy,3,4,FIFA World Cup,Mexico City,Mexico,True,1970,7,1,Visitante
231,1970-06-20,Germany,Uruguay,1,0,FIFA World Cup,Mexico City,Mexico,True,1970,1,1,Local
232,1970-06-21,Brazil,Italy,4,1,FIFA World Cup,Mexico City,Mexico,True,1970,5,3,Local
233,1974-06-13,Brazil,Yugoslavia,0,0,FIFA World Cup,Frankfurt,Germany,True,1974,0,0,Empate
234,1974-06-14,DR Congo,Scotland,0,2,FIFA World Cup,Dortmund,Germany,True,1974,2,2,Visitante
235,1974-06-14,German DR,Australia,2,0,FIFA World Cup,Hamburg,Germany,True,1974,2,2,Local
236,1974-06-14,Germany,Chile,1,0,FIFA World Cup,Berlin,Germany,False,1974,1,1,Local
237,1974-06-15,Italy,Haiti,3,1,FIFA World Cup,Munich,Germany,True,1974,4,2,Local
238,1974-06-15,Poland,Argentina,3,2,FIFA World Cup,Stuttgart,Germany,True,1974,5,1,Local
239,1974-06-15,Sweden,Bulgaria,0,0,FIFA World Cup,Düsseldorf,Germany,True,1974,0,0,Empate
240,1974-06-15,Uruguay,Netherlands,0,2,FIFA World Cup,Hanover,Germany,True,1974,2,2,Visitante
241,1974-06-18,Chile,German DR,1,1,FIFA World Cup,Berlin,Germany,True,1974,2,0,Empate
242,1974-06-18,Germany,Australia,3,0,FIFA World Cup,Hamburg,Germany,False,1974,3,3,Local
243,1974-06-18,Scotland,Brazil,0,0,FIFA World Cup,Frankfurt,Germany,True,1974,0,0,Empate
244,1974-06-18,Yugoslavia,DR Congo,9,0,FIFA World Cup,Gelsenkirchen,Germany,True,1974,9,9,Local
245,1974-06-19,Argentina,Italy,1,1,FIFA World Cup,Stuttgart,Germany,True,1974,2,0,Empate
246,1974-06-19,Bulgaria,Uruguay,1,1,FIFA World Cup,Hanover,Germany,True,1974,2,0,Empate
247,1974-06-19,Haiti,Poland,0,7,FIFA World Cup,Munich,Germany,True,1974,7,7,Visitante
248,1974-06-19,Netherlands,Sweden,0,0,FIFA World Cup,Dortmund,Germany,True,1974,0,0,Empate
249,1974-06-22,Australia,Chile,0,0,FIFA World Cup,Berlin,Germany,True,1974,0,0,Empate
250,1974-06-22,DR Congo,Brazil,0,3,FIFA World Cup,Gelsenkirchen,Germany,True,1974,3,3,Visitante
251,1974-06-22,Germany,German DR,0,1,FIFA World Cup,Hamburg,Germany,False,1974,1,1,Visitante
252,1974-06-22,Scotland,Yugoslavia,1,1,FIFA World Cup,Frankfurt,Germany,True,1974,2,0,Empate
253,1974-06-23,Argentina,Haiti,4,1,FIFA World Cup,Munich,Germany,True,1974,5,3,Local
254,1974-06-23,Bulgaria,Netherlands,1,4,FIFA World Cup,Dortmund,Germany,True,1974,5,3,Visitante
255,1974-06-23,Poland,Italy,2,1,FIFA World Cup,Stuttgart,Germany,True,1974,3,1,Local
256,1974-06-23,Sweden,Uruguay,3,0,FIFA World Cup,Düsseldorf,Germany,True,1974,3,3,Local
257,1974-06-26,Brazil,German DR,1,0,FIFA World Cup,Hanover,Germany,True,1974,1,1,Local
258,1974-06-26,Germany,Yugoslavia,2,0,FIFA World Cup,Düsseldorf,Germany,False,1974,2,2,Local
259,1974-06-26,Netherlands,Argentina,4,0,FIFA World Cup,Gelsenkirchen,Germany,True,1974,4,4,Local
260,1974-06-26,Sweden,Poland,0,1,FIFA World Cup,Stuttgart,Germany,True,1974,1,1,Visitante
261,1974-06-30,Argentina,Brazil,1,2,FIFA World Cup,Hanover,Germany,True,1974,3,1,Visitante
262,1974-06-30,German DR,Netherlands,0,2,FIFA World Cup,Gelsenkirchen,Germany,True,1974,2,2,Visitante
263,1974-06-30,Germany,Sweden,4,2,FIFA World Cup,Düsseldorf,Germany,False,1974,6,2,Local
264,1974-06-30,Poland,Yugoslavia,2,1,FIFA World Cup,Frankfurt,Germany,True,1974,3,1,Local
265,1974-07-03,Argentina,German DR,1,1,FIFA World Cup,Gelsenkirchen,Germany,True,1974,2,0,Empate
266,1974-07-03,Germany,Poland,1,0,FIFA World Cup,Frankfurt,Germany,False,1974,1,1,Local
267,1974-07-03,Netherlands,Brazil,2,0,FIFA World Cup,Dortmund,Germany,True,1974,2,2,Local
268,1974-07-03,Sweden,Yugoslavia,2,1,FIFA World Cup,Düsseldorf,Germany,True,1974,3,1,Local
269,1974-07-06,Brazil,Poland,0,1,FIFA World Cup,Munich,Germany,True,1974,1,1,Visitante
270,1974-07-07,Germany,Netherlands,2,1,FIFA World Cup,Munich,Germany,False,1974,3,1,Local
271,1978-06-01,Germany,Poland,0,0,FIFA World Cup,Buenos Aires,Argentina,True,1978,0,0,Empate
272,1978-06-02,Argentina,Hungary,2,1,FIFA World Cup,Buenos Aires,Argentina,False,1978,3,1,Local
273,1978-06-02,France,Italy,1,2,FIFA World Cup,Mar del Plata,Argentina,True,1978,3,1,Visitante
274,1978-06-02,Mexico,Tunisia,1,3,FIFA World Cup,Rosario,Argentina,True,1978,4,2,Visitante
275,1978-06-03,Austria,Spain,2,1,FIFA World Cup,Buenos Aires,Argentina,True,1978,3,1,Local
276,1978-06-03,Brazil,Sweden,1,1,FIFA World Cup,Mar del Plata,Argentina,True,1978,2,0,Empate
277,1978-06-03,Iran,Netherlands,0,3,FIFA World Cup,Mendoza,Argentina,True,1978,3,3,Visitante
278,1978-06-03,Peru,Scotland,3,1,FIFA World Cup,Córdoba,Argentina,True,1978,4,2,Local
279,1978-06-06,Argentina,France,2,1,FIFA World Cup,Buenos Aires,Argentina,False,1978,3,1,Local
280,1978-06-06,Germany,Mexico,6,0,FIFA World Cup,Córdoba,Argentina,True,1978,6,6,Local
281,1978-06-06,Hungary,Italy,1,3,FIFA World Cup,Mar del Plata,Argentina,True,1978,4,2,Visitante
282,1978-06-06,Poland,Tunisia,1,0,FIFA World Cup,Rosario,Argentina,True,1978,1,1,Local
283,1978-06-07,Austria,Sweden,1,0,FIFA World Cup,Buenos Aires,Argentina,True,1978,1,1,Local
284,1978-06-07,Brazil,Spain,0,0,FIFA World Cup,Mar del Plata,Argentina,True,1978,0,0,Empate
285,1978-06-07,Iran,Scotland,1,1,FIFA World Cup,Córdoba,Argentina,True,1978,2,0,Empate
286,1978-06-07,Netherlands,Peru,0,0,FIFA World Cup,Mendoza,Argentina,True,1978,0,0,Empate
287,1978-06-10,Argentina,Italy,0,1,FIFA World Cup,Buenos Aires,Argentina,False,1978,1,1,Visitante
288,1978-06-10,France,Hungary,3,1,FIFA World Cup,Mar del Plata,Argentina,True,1978,4,2,Local
289,1978-06-10,Germany,Tunisia,0,0,FIFA World Cup,Córdoba,Argentina,True,1978,0,0,Empate
290,1978-06-10,Mexico,Poland,1,3,FIFA World Cup,Rosario,Argentina,True,1978,4,2,Visitante
291,1978-06-11,Austria,Brazil,0,1,FIFA World Cup,Mar del Plata,Argentina,True,1978,1,1,Visitante
292,1978-06-11,Iran,Peru,1,4,FIFA World Cup,Córdoba,Argentina,True,1978,5,3,Visitante
293,1978-06-11,Netherlands,Scotland,2,3,FIFA World Cup,Mendoza,Argentina,True,1978,5,1,Visitante
294,1978-06-11,Spain,Sweden,1,0,FIFA World Cup,Buenos Aires,Argentina,True,1978,1,1,Local
295,1978-06-14,Argentina,Poland,2,0,FIFA World Cup,Rosario,Argentina,False,1978,2,2,Local
296,1978-06-14,Austria,Netherlands,1,5,FIFA World Cup,Córdoba,Argentina,True,1978,6,4,Visitante
297,1978-06-14,Brazil,Peru,3,0,FIFA World Cup,Mendoza,Argentina,True,1978,3,3,Local
298,1978-06-14,Germany,Italy,0,0,FIFA World Cup,Buenos Aires,Argentina,True,1978,0,0,Empate
299,1978-06-18,Argentina,Brazil,0,0,FIFA World Cup,Rosario,Argentina,False,1978,0,0,Empate
300,1978-06-18,Austria,Italy,0,1,FIFA World Cup,Buenos Aires,Argentina,True,1978,1,1,Visitante
301,1978-06-18,Germany,Netherlands,2,2,FIFA World Cup,Córdoba,Argentina,True,1978,4,0,Empate
302,1978-06-18,Peru,Poland,0,1,FIFA World Cup,Mendoza,Argentina,True,1978,1,1,Visitante
303,1978-06-21,Argentina,Peru,6,0,FIFA World Cup,Rosario,Argentina,False,1978,6,6,Local
304,1978-06-21,Austria,Germany,3,2,FIFA World Cup,Córdoba,Argentina,True,1978,5,1,Local
305,1978-06-21,Brazil,Poland,3,1,FIFA World Cup,Mendoza,Argentina,True,1978,4,2,Local
306,1978-06-21,Italy,Netherlands,1,2,FIFA World Cup,Buenos Aires,Argentina,True,1978,3,1,Visitante
307,1978-06-24,Brazil,Italy,2,1,FIFA World Cup,Buenos Aires,Argentina,True,1978,3,1,Local
308,1978-06-25,Argentina,Netherlands,3,1,FIFA World Cup,Buenos Aires,Argentina,False,1978,4,2,Local
309,1982-06-13,Argentina,Belgium,0,1,FIFA World Cup,Barcelona,Spain,True,1982,1,1,Visitante
310,1982-06-14,Brazil,Russia,2,1,FIFA World Cup,Seville,Spain,True,1982,3,1,Local
311,1982-06-14,Italy,Poland,0,0,FIFA World Cup,Vigo,Spain,True,1982,0,0,Empate
312,1982-06-15,Hungary,El Salvador,10,1,FIFA World Cup,Elche,Spain,True,1982,11,9,Local
313,1982-06-15,Peru,Cameroon,0,0,FIFA World Cup,A Coruña,Spain,True,1982,0,0,Empate
314,1982-06-15,Scotland,New Zealand,5,2,FIFA World Cup,Málaga,Spain,True,1982,7,3,Local
315,1982-06-16,England,France,3,1,FIFA World Cup,Bilbao,Spain,True,1982,4,2,Local
316,1982-06-16,Germany,Algeria,1,2,FIFA World Cup,Gijón,Spain,True,1982,3,1,Visitante
317,1982-06-16,Spain,Honduras,1,1,FIFA World Cup,Valencia,Spain,False,1982,2,0,Empate
318,1982-06-17,Chile,Austria,0,1,FIFA World Cup,Oviedo,Spain,True,1982,1,1,Visitante
319,1982-06-17,Czechoslovakia,Kuwait,1,1,FIFA World Cup,Valladolid,Spain,True,1982,2,0,Empate
320,1982-06-17,Yugoslavia,Northern Ireland,0,0,FIFA World Cup,Zaragoza,Spain,True,1982,0,0,Empate
321,1982-06-18,Argentina,Hungary,4,1,FIFA World Cup,Alicante,Spain,True,1982,5,3,Local
322,1982-06-18,Brazil,Scotland,4,1,FIFA World Cup,Seville,Spain,True,1982,5,3,Local
323,1982-06-18,Italy,Peru,1,1,FIFA World Cup,Vigo,Spain,True,1982,2,0,Empate
324,1982-06-19,Belgium,El Salvador,1,0,FIFA World Cup,Elche,Spain,True,1982,1,1,Local
325,1982-06-19,Poland,Cameroon,0,0,FIFA World Cup,A Coruña,Spain,True,1982,0,0,Empate
326,1982-06-19,Russia,New Zealand,3,0,FIFA World Cup,Málaga,Spain,True,1982,3,3,Local
327,1982-06-20,England,Czechoslovakia,2,0,FIFA World Cup,Bilbao,Spain,True,1982,2,2,Local
328,1982-06-20,Germany,Chile,4,1,FIFA World Cup,Gijón,Spain,True,1982,5,3,Local
329,1982-06-20,Spain,Yugoslavia,2,1,FIFA World Cup,Valencia,Spain,False,1982,3,1,Local
330,1982-06-21,Algeria,Austria,0,2,FIFA World Cup,Oviedo,Spain,True,1982,2,2,Visitante
331,1982-06-21,France,Kuwait,4,1,FIFA World Cup,Valladolid,Spain,True,1982,5,3,Local
332,1982-06-21,Honduras,Northern Ireland,1,1,FIFA World Cup,Zaragoza,Spain,True,1982,2,0,Empate
333,1982-06-22,Belgium,Hungary,1,1,FIFA World Cup,Elche,Spain,True,1982,2,0,Empate
334,1982-06-22,Poland,Peru,5,1,FIFA World Cup,A Coruña,Spain,True,1982,6,4,Local
335,1982-06-22,Russia,Scotland,2,2,FIFA World Cup,Málaga,Spain,True,1982,4,0,Empate
336,1982-06-23,Argentina,El Salvador,2,0,FIFA World Cup,Alicante,Spain,True,1982,2,2,Local
337,1982-06-23,Brazil,New Zealand,4,0,FIFA World Cup,Seville,Spain,True,1982,4,4,Local
338,1982-06-23,Italy,Cameroon,1,1,FIFA World Cup,Vigo,Spain,True,1982,2,0,Empate
339,1982-06-24,Algeria,Chile,3,2,FIFA World Cup,Oviedo,Spain,True,1982,5,1,Local
340,1982-06-24,France,Czechoslovakia,1,1,FIFA World Cup,Valladolid,Spain,True,1982,2,0,Empate
341,1982-06-24,Honduras,Yugoslavia,0,1,FIFA World Cup,Zaragoza,Spain,True,1982,1,1,Visitante
342,1982-06-25,England,Kuwait,1,0,FIFA World Cup,Bilbao,Spain,True,1982,1,1,Local
343,1982-06-25,Germany,Austria,1,0,FIFA World Cup,Gijón,Spain,True,1982,1,1,Local
344,1982-06-25,Spain,Northern Ireland,0,1,FIFA World Cup,Valencia,Spain,False,1982,1,1,Visitante
345,1982-06-28,Austria,France,0,1,FIFA World Cup,Madrid,Spain,True,1982,1,1,Visitante
346,1982-06-28,Poland,Belgium,3,0,FIFA World Cup,Barcelona,Spain,True,1982,3,3,Local
347,1982-06-29,Germany,England,0,0,FIFA World Cup,Madrid,Spain,True,1982,0,0,Empate
348,1982-06-29,Italy,Argentina,2,1,FIFA World Cup,Barcelona,Spain,True,1982,3,1,Local
349,1982-07-01,Austria,Northern Ireland,2,2,FIFA World Cup,Madrid,Spain,True,1982,4,0,Empate
350,1982-07-01,Belgium,Russia,0,1,FIFA World Cup,Barcelona,Spain,True,1982,1,1,Visitante
351,1982-07-02,Argentina,Brazil,1,3,FIFA World Cup,Barcelona,Spain,True,1982,4,2,Visitante
352,1982-07-02,Spain,Germany,1,2,FIFA World Cup,Madrid,Spain,False,1982,3,1,Visitante
353,1982-07-04,France,Northern Ireland,4,1,FIFA World Cup,Madrid,Spain,True,1982,5,3,Local
354,1982-07-04,Poland,Russia,0,0,FIFA World Cup,Barcelona,Spain,True,1982,0,0,Empate
355,1982-07-05,Italy,Brazil,3,2,FIFA World Cup,Barcelona,Spain,True,1982,5,1,Local
356,1982-07-05,Spain,England,0,0,FIFA World Cup,Madrid,Spain,False,1982,0,0,Empate
357,1982-07-08,Germany,France,3,3,FIFA World Cup,Seville,Spain,True,1982,6,0,Empate
358,1982-07-08,Poland,Italy,0,2,FIFA World Cup,Barcelona,Spain,True,1982,2,2,Visitante
359,1982-07-10,Poland,France,3,2,FIFA World Cup,Alicante,Spain,True,1982,5,1,Local
360,1982-07-11,Italy,Germany,3,1,FIFA World Cup,Madrid,Spain,True,1982,4,2,Local
361,1986-05-31,Bulgaria,Italy,1,1,FIFA World Cup,Mexico City,Mexico,True,1986,2,0,Empate
362,1986-06-01,Canada,France,0,1,FIFA World Cup,León,Mexico,True,1986,1,1,Visitante
363,1986-06-01,Spain,Brazil,0,1,FIFA World Cup,Guadalajara,Mexico,True,1986,1,1,Visitante
364,1986-06-02,Argentina,South Korea,3,1,FIFA World Cup,Mexico City,Mexico,True,1986,4,2,Local
365,1986-06-02,Morocco,Poland,0,0,FIFA World Cup,Monterrey,Mexico,True,1986,0,0,Empate
366,1986-06-02,Russia,Hungary,6,0,FIFA World Cup,Irapuato,Mexico,True,1986,6,6,Local
367,1986-06-03,Algeria,Northern Ireland,1,1,FIFA World Cup,Guadalajara,Mexico,True,1986,2,0,Empate
368,1986-06-03,Mexico,Belgium,2,1,FIFA World Cup,Mexico City,Mexico,False,1986,3,1,Local
369,1986-06-03,Portugal,England,1,0,FIFA World Cup,Monterrey,Mexico,True,1986,1,1,Local
370,1986-06-04,Paraguay,Iraq,1,0,FIFA World Cup,Toluca,Mexico,True,1986,1,1,Local
371,1986-06-04,Scotland,Denmark,0,1,FIFA World Cup,Nezahualcóyotl,Mexico,True,1986,1,1,Visitante
372,1986-06-04,Uruguay,Germany,1,1,FIFA World Cup,Querétaro,Mexico,True,1986,2,0,Empate
373,1986-06-05,France,Russia,1,1,FIFA World Cup,León,Mexico,True,1986,2,0,Empate
374,1986-06-05,Italy,Argentina,1,1,FIFA World Cup,Puebla,Mexico,True,1986,2,0,Empate
375,1986-06-05,South Korea,Bulgaria,1,1,FIFA World Cup,Mexico City,Mexico,True,1986,2,0,Empate
376,1986-06-06,Brazil,Algeria,1,0,FIFA World Cup,Guadalajara,Mexico,True,1986,1,1,Local
377,1986-06-06,England,Morocco,0,0,FIFA World Cup,Monterrey,Mexico,True,1986,0,0,Empate
378,1986-06-06,Hungary,Canada,2,0,FIFA World Cup,Irapuato,Mexico,True,1986,2,2,Local
379,1986-06-07,Mexico,Paraguay,1,1,FIFA World Cup,Mexico City,Mexico,False,1986,2,0,Empate
380,1986-06-07,Northern Ireland,Spain,1,2,FIFA World Cup,Guadalajara,Mexico,True,1986,3,1,Visitante
381,1986-06-07,Poland,Portugal,1,0,FIFA World Cup,Monterrey,Mexico,True,1986,1,1,Local
382,1986-06-08,Denmark,Uruguay,6,1,FIFA World Cup,Nezahualcóyotl,Mexico,True,1986,7,5,Local
383,1986-06-08,Germany,Scotland,2,1,FIFA World Cup,Querétaro,Mexico,True,1986,3,1,Local
384,1986-06-08,Iraq,Belgium,1,2,FIFA World Cup,Toluca,Mexico,True,1986,3,1,Visitante
385,1986-06-09,Hungary,France,0,3,FIFA World Cup,León,Mexico,True,1986,3,3,Visitante
386,1986-06-09,Russia,Canada,2,0,FIFA World Cup,Irapuato,Mexico,True,1986,2,2,Local
387,1986-06-10,Argentina,Bulgaria,2,0,FIFA World Cup,Mexico City,Mexico,True,1986,2,2,Local
388,1986-06-10,South Korea,Italy,2,3,FIFA World Cup,Puebla,Mexico,True,1986,5,1,Visitante
389,1986-06-11,England,Poland,3,0,FIFA World Cup,Monterrey,Mexico,True,1986,3,3,Local
390,1986-06-11,Mexico,Iraq,1,0,FIFA World Cup,Mexico City,Mexico,False,1986,1,1,Local
391,1986-06-11,Paraguay,Belgium,2,2,FIFA World Cup,Toluca,Mexico,True,1986,4,0,Empate
392,1986-06-11,Portugal,Morocco,1,3,FIFA World Cup,Guadalajara,Mexico,True,1986,4,2,Visitante
393,1986-06-12,Algeria,Spain,0,3,FIFA World Cup,Monterrey,Mexico,True,1986,3,3,Visitante
394,1986-06-12,Northern Ireland,Brazil,0,3,FIFA World Cup,Guadalajara,Mexico,True,1986,3,3,Visitante
395,1986-06-13,Denmark,Germany,2,0,FIFA World Cup,Querétaro,Mexico,True,1986,2,2,Local
396,1986-06-13,Scotland,Uruguay,0,0,FIFA World Cup,Nezahualcóyotl,Mexico,True,1986,0,0,Empate
397,1986-06-15,Mexico,Bulgaria,2,0,FIFA World Cup,Mexico City,Mexico,False,1986,2,2,Local
398,1986-06-15,Russia,Belgium,3,4,FIFA World Cup,León,Mexico,True,1986,7,1,Visitante
399,1986-06-16,Argentina,Uruguay,1,0,FIFA World Cup,Puebla,Mexico,True,1986,1,1,Local
400,1986-06-16,Brazil,Poland,4,0,FIFA World Cup,Guadalajara,Mexico,True,1986,4,4,Local
401,1986-06-17,Italy,France,0,2,FIFA World Cup,Mexico City,Mexico,True,1986,2,2,Visitante
402,1986-06-17,Morocco,Germany,0,1,FIFA World Cup,Monterrey,Mexico,True,1986,1,1,Visitante
403,1986-06-18,Denmark,Spain,1,5,FIFA World Cup,Querétaro,Mexico,True,1986,6,4,Visitante
404,1986-06-18,England,Paraguay,3,0,FIFA World Cup,Mexico City,Mexico,True,1986,3,3,Local
405,1986-06-21,Brazil,France,1,1,FIFA World Cup,Guadalajara,Mexico,True,1986,2,0,Empate
406,1986-06-21,Mexico,Germany,0,0,FIFA World Cup,Monterrey,Mexico,False,1986,0,0,Empate
407,1986-06-22,Argentina,England,2,1,FIFA World Cup,Mexico City,Mexico,True,1986,3,1,Local
408,1986-06-22,Spain,Belgium,1,1,FIFA World Cup,Puebla,Mexico,True,1986,2,0,Empate
409,1986-06-25,Argentina,Belgium,2,0,FIFA World Cup,Mexico City,Mexico,True,1986,2,2,Local
410,1986-06-25,France,Germany,0,2,FIFA World Cup,Guadalajara,Mexico,True,1986,2,2,Visitante
411,1986-06-28,France,Belgium,4,2,FIFA World Cup,Puebla,Mexico,True,1986,6,2,Local
412,1986-06-29,Argentina,Germany,3,2,FIFA World Cup,Mexico City,Mexico,True,1986,5,1,Local
413,1990-06-08,Argentina,Cameroon,0,1,FIFA World Cup,Milan,Italy,True,1990,1,1,Visitante
414,1990-06-09,Italy,Austria,1,0,FIFA World Cup,Rome,Italy,False,1990,1,1,Local
415,1990-06-09,Russia,Romania,0,2,FIFA World Cup,Bari,Italy,True,1990,2,2,Visitante
416,1990-06-09,United Arab Emirates,Colombia,0,2,FIFA World Cup,Bologna,Italy,True,1990,2,2,Visitante
417,1990-06-10,Brazil,Sweden,2,1,FIFA World Cup,Turin,Italy,True,1990,3,1,Local
418,1990-06-10,Germany,Yugoslavia,4,1,FIFA World Cup,Milan,Italy,True,1990,5,3,Local
419,1990-06-10,United States,Czechoslovakia,1,5,FIFA World Cup,Florence,Italy,True,1990,6,4,Visitante
420,1990-06-11,Costa Rica,Scotland,1,0,FIFA World Cup,Genoa,Italy,True,1990,1,1,Local
421,1990-06-11,England,Republic of Ireland,1,1,FIFA World Cup,Cagliari,Italy,True,1990,2,0,Empate
422,1990-06-12,Belgium,South Korea,2,0,FIFA World Cup,Verona,Italy,True,1990,2,2,Local
423,1990-06-12,Netherlands,Egypt,1,1,FIFA World Cup,Palermo,Italy,True,1990,2,0,Empate
424,1990-06-13,Argentina,Russia,2,0,FIFA World Cup,Naples,Italy,True,1990,2,2,Local
425,1990-06-13,Uruguay,Spain,0,0,FIFA World Cup,Udine,Italy,True,1990,0,0,Empate
426,1990-06-14,Cameroon,Romania,2,1,FIFA World Cup,Bari,Italy,True,1990,3,1,Local
427,1990-06-14,Italy,United States,1,0,FIFA World Cup,Rome,Italy,False,1990,1,1,Local
428,1990-06-14,Yugoslavia,Colombia,1,0,FIFA World Cup,Bologna,Italy,True,1990,1,1,Local
429,1990-06-15,Austria,Czechoslovakia,0,1,FIFA World Cup,Florence,Italy,True,1990,1,1,Visitante
430,1990-06-15,Germany,United Arab Emirates,5,1,FIFA World Cup,Milan,Italy,True,1990,6,4,Local
431,1990-06-16,Brazil,Costa Rica,1,0,FIFA World Cup,Turin,Italy,True,1990,1,1,Local
432,1990-06-16,England,Netherlands,0,0,FIFA World Cup,Cagliari,Italy,True,1990,0,0,Empate
433,1990-06-16,Sweden,Scotland,1,2,FIFA World Cup,Genoa,Italy,True,1990,3,1,Visitante
434,1990-06-17,Belgium,Uruguay,3,1,FIFA World Cup,Verona,Italy,True,1990,4,2,Local
435,1990-06-17,Republic of Ireland,Egypt,0,0,FIFA World Cup,Palermo,Italy,True,1990,0,0,Empate
436,1990-06-17,South Korea,Spain,1,3,FIFA World Cup,Udine,Italy,True,1990,4,2,Visitante
437,1990-06-18,Argentina,Romania,1,1,FIFA World Cup,Naples,Italy,True,1990,2,0,Empate
438,1990-06-18,Cameroon,Russia,0,4,FIFA World Cup,Bari,Italy,True,1990,4,4,Visitante
439,1990-06-19,Austria,United States,2,1,FIFA World Cup,Florence,Italy,True,1990,3,1,Local
440,1990-06-19,Germany,Colombia,1,1,FIFA World Cup,Milan,Italy,True,1990,2,0,Empate
441,1990-06-19,Italy,Czechoslovakia,2,0,FIFA World Cup,Rome,Italy,False,1990,2,2,Local
442,1990-06-19,Yugoslavia,United Arab Emirates,4,1,FIFA World Cup,Bologna,Italy,True,1990,5,3,Local
443,1990-06-20,Brazil,Scotland,1,0,FIFA World Cup,Turin,Italy,True,1990,1,1,Local
444,1990-06-20,Sweden,Costa Rica,1,2,FIFA World Cup,Genoa,Italy,True,1990,3,1,Visitante
445,1990-06-21,Belgium,Spain,1,2,FIFA World Cup,Verona,Italy,True,1990,3,1,Visitante
446,1990-06-21,England,Egypt,1,0,FIFA World Cup,Cagliari,Italy,True,1990,1,1,Local
447,1990-06-21,Republic of Ireland,Netherlands,1,1,FIFA World Cup,Palermo,Italy,True,1990,2,0,Empate
448,1990-06-21,South Korea,Uruguay,0,1,FIFA World Cup,Udine,Italy,True,1990,1,1,Visitante
449,1990-06-23,Cameroon,Colombia,2,1,FIFA World Cup,Naples,Italy,True,1990,3,1,Local
450,1990-06-23,Czechoslovakia,Costa Rica,4,1,FIFA World Cup,Bari,Italy,True,1990,5,3,Local
451,1990-06-24,Brazil,Argentina,0,1,FIFA World Cup,Turin,Italy,True,1990,1,1,Visitante
452,1990-06-24,Germany,Netherlands,2,1,FIFA World Cup,Milan,Italy,True,1990,3,1,Local
453,1990-06-25,Republic of Ireland,Romania,0,0,FIFA World Cup,Genoa,Italy,True,1990,0,0,Empate
454,1990-06-25,Italy,Uruguay,2,0,FIFA World Cup,Rome,Italy,False,1990,2,2,Local
455,1990-06-26,England,Belgium,1,0,FIFA World Cup,Bologna,Italy,True,1990,1,1,Local
456,1990-06-26,Spain,Yugoslavia,1,2,FIFA World Cup,Verona,Italy,True,1990,3,1,Visitante
457,1990-06-30,Italy,Republic of Ireland,1,0,FIFA World Cup,Rome,Italy,False,1990,1,1,Local
458,1990-06-30,Yugoslavia,Argentina,0,0,FIFA World Cup,Florence,Italy,True,1990,0,0,Empate
459,1990-07-01,Cameroon,England,2,3,FIFA World Cup,Naples,Italy,True,1990,5,1,Visitante
460,1990-07-01,Germany,Czechoslovakia,1,0,FIFA World Cup,Milan,Italy,True,1990,1,1,Local
461,1990-07-03,Italy,Argentina,1,1,FIFA World Cup,Naples,Italy,False,1990,2,0,Empate
462,1990-07-04,Germany,England,1,1,FIFA World Cup,Turin,Italy,True,1990,2,0,Empate
463,1990-07-07,Italy,England,2,1,FIFA World Cup,Bari,Italy,False,1990,3,1,Local
464,1990-07-08,Germany,Argentina,1,0,FIFA World Cup,Rome,Italy,True,1990,1,1,Local
465,1994-06-17,Germany,Bolivia,1,0,FIFA World Cup,Chicago,United States,True,1994,1,1,Local
466,1994-06-17,Spain,South Korea,2,2,FIFA World Cup,Dallas,United States,True,1994,4,0,Empate
467,1994-06-18,Colombia,Romania,1,3,FIFA World Cup,Pasadena,United States,True,1994,4,2,Visitante
468,1994-06-18,Italy,Republic of Ireland,0,1,FIFA World Cup,East Rutherford,United States,True,1994,1,1,Visitante
469,1994-06-18,United States,Switzerland,1,1,FIFA World Cup,Pontiac,United States,False,1994,2,0,Empate
470,1994-06-19,Belgium,Morocco,1,0,FIFA World Cup,Orlando,United States,True,1994,1,1,Local
471,1994-06-19,Cameroon,Sweden,2,2,FIFA World Cup,Pasadena,United States,True,1994,4,0,Empate
472,1994-06-19,Norway,Mexico,1,0,FIFA World Cup,"Washington, D.C.",United States,True,1994,1,1,Local
473,1994-06-20,Brazil,Russia,2,0,FIFA World Cup,Palo Alto,United States,True,1994,2,2,Local
474,1994-06-20,Netherlands,Saudi Arabia,2,1,FIFA World Cup,"Washington, D.C.",United States,True,1994,3,1,Local
475,1994-06-21,Argentina,Greece,4,0,FIFA World Cup,Foxborough,United States,True,1994,4,4,Local
476,1994-06-21,Germany,Spain,1,1,FIFA World Cup,Chicago,United States,True,1994,2,0,Empate
477,1994-06-21,Nigeria,Bulgaria,3,0,FIFA World Cup,Dallas,United States,True,1994,3,3,Local
478,1994-06-22,Romania,Switzerland,1,4,FIFA World Cup,Pontiac,United States,True,1994,5,3,Visitante
479,1994-06-22,United States,Colombia,2,1,FIFA World Cup,Pasadena,United States,False,1994,3,1,Local
480,1994-06-23,Italy,Norway,1,0,FIFA World Cup,East Rutherford,United States,True,1994,1,1,Local
481,1994-06-23,South Korea,Bolivia,0,0,FIFA World Cup,Foxborough,United States,True,1994,0,0,Empate
482,1994-06-24,Brazil,Cameroon,3,0,FIFA World Cup,Palo Alto,United States,True,1994,3,3,Local
483,1994-06-24,Mexico,Republic of Ireland,2,1,FIFA World Cup,Orlando,United States,True,1994,3,1,Local
484,1994-06-24,Sweden,Russia,3,1,FIFA World Cup,Pontiac,United States,True,1994,4,2,Local
485,1994-06-25,Argentina,Nigeria,2,1,FIFA World Cup,Foxborough,United States,True,1994,3,1,Local
486,1994-06-25,Belgium,Netherlands,1,0,FIFA World Cup,Orlando,United States,True,1994,1,1,Local
487,1994-06-25,Saudi Arabia,Morocco,2,1,FIFA World Cup,East Rutherford,United States,True,1994,3,1,Local
488,1994-06-26,Bulgaria,Greece,4,0,FIFA World Cup,Chicago,United States,True,1994,4,4,Local
489,1994-06-26,Switzerland,Colombia,0,2,FIFA World Cup,Palo Alto,United States,True,1994,2,2,Visitante
490,1994-06-26,United States,Romania,0,1,FIFA World Cup,Pasadena,United States,False,1994,1,1,Visitante
491,1994-06-27,Bolivia,Spain,1,3,FIFA World Cup,Chicago,United States,True,1994,4,2,Visitante
492,1994-06-27,Germany,South Korea,3,2,FIFA World Cup,Dallas,United States,True,1994,5,1,Local
493,1994-06-28,Brazil,Sweden,1,1,FIFA World Cup,Pontiac,United States,True,1994,2,0,Empate
494,1994-06-28,Republic of Ireland,Norway,0,0,FIFA World Cup,East Rutherford,United States,True,1994,0,0,Empate
495,1994-06-28,Italy,Mexico,1,1,FIFA World Cup,"Washington, D.C.",United States,True,1994,2,0,Empate
496,1994-06-28,Russia,Cameroon,6,1,FIFA World Cup,Palo Alto,United States,True,1994,7,5,Local
497,1994-06-29,Belgium,Saudi Arabia,0,1,FIFA World Cup,"Washington, D.C.",United States,True,1994,1,1,Visitante
498,1994-06-29,Morocco,Netherlands,1,2,FIFA World Cup,Orlando,United States,True,1994,3,1,Visitante
499,1994-06-30,Argentina,Bulgaria,0,2,FIFA World Cup,Dallas,United States,True,1994,2,2,Visitante
500,1994-06-30,Greece,Nigeria,0,2,FIFA World Cup,Foxborough,United States,True,1994,2,2,Visitante
501,1994-07-02,Germany,Belgium,3,2,FIFA World Cup,Chicago,United States,True,1994,5,1,Local
502,1994-07-02,Spain,Switzerland,3,0,FIFA World Cup,"Washington, D.C.",United States,True,1994,3,3,Local
503,1994-07-03,Romania,Argentina,3,2,FIFA World Cup,Pasadena,United States,True,1994,5,1,Local
504,1994-07-03,Saudi Arabia,Sweden,1,3,FIFA World Cup,Dallas,United States,True,1994,4,2,Visitante
505,1994-07-04,Netherlands,Republic of Ireland,2,0,FIFA World Cup,Orlando,United States,True,1994,2,2,Local
506,1994-07-04,United States,Brazil,0,1,FIFA World Cup,Palo Alto,United States,False,1994,1,1,Visitante
507,1994-07-05,Mexico,Bulgaria,1,1,FIFA World Cup,East Rutherford,United States,True,1994,2,0,Empate
508,1994-07-05,Nigeria,Italy,1,2,FIFA World Cup,Foxborough,United States,True,1994,3,1,Visitante
509,1994-07-09,Italy,Spain,2,1,FIFA World Cup,Foxborough,United States,True,1994,3,1,Local
510,1994-07-09,Netherlands,Brazil,2,3,FIFA World Cup,Dallas,United States,True,1994,5,1,Visitante
511,1994-07-10,Bulgaria,Germany,2,1,FIFA World Cup,East Rutherford,United States,True,1994,3,1,Local
512,1994-07-10,Romania,Sweden,2,2,FIFA World Cup,Palo Alto,United States,True,1994,4,0,Empate
513,1994-07-13,Bulgaria,Italy,1,2,FIFA World Cup,East Rutherford,United States,True,1994,3,1,Visitante
514,1994-07-13,Sweden,Brazil,0,1,FIFA World Cup,Pasadena,United States,True,1994,1,1,Visitante
515,1994-07-16,Sweden,Bulgaria,4,0,FIFA World Cup,Pasadena,United States,True,1994,4,4,Local
516,1994-07-17,Brazil,Italy,0,0,FIFA World Cup,Pasadena,United States,True,1994,0,0,Empate
517,1998-06-10,Brazil,Scotland,2,1,FIFA World Cup,Saint-Denis,France,True,1998,3,1,Local
518,1998-06-10,Morocco,Norway,2,2,FIFA World Cup,Montpellier,France,True,1998,4,0,Empate
519,1998-06-11,Cameroon,Austria,1,1,FIFA World Cup,Toulouse,France,True,1998,2,0,Empate
520,1998-06-11,Italy,Chile,2,2,FIFA World Cup,Bordeaux,France,True,1998,4,0,Empate
521,1998-06-12,France,South Africa,3,0,FIFA World Cup,Marseille,France,False,1998,3,3,Local
522,1998-06-12,Paraguay,Bulgaria,0,0,FIFA World Cup,Montpellier,France,True,1998,0,0,Empate
523,1998-06-12,Saudi Arabia,Denmark,0,1,FIFA World Cup,Lens,France,True,1998,1,1,Visitante
524,1998-06-13,South Korea,Mexico,1,3,FIFA World Cup,Lyon,France,True,1998,4,2,Visitante
525,1998-06-13,Netherlands,Belgium,0,0,FIFA World Cup,Saint-Denis,France,True,1998,0,0,Empate
526,1998-06-13,Spain,Nigeria,2,3,FIFA World Cup,Nantes,France,True,1998,5,1,Visitante
527,1998-06-14,Argentina,Japan,1,0,FIFA World Cup,Toulouse,France,True,1998,1,1,Local
528,1998-06-14,Jamaica,Croatia,1,3,FIFA World Cup,Lens,France,True,1998,4,2,Visitante
529,1998-06-14,Serbia,Iran,1,0,FIFA World Cup,Saint-Étienne,France,True,1998,1,1,Local
530,1998-06-15,England,Tunisia,2,0,FIFA World Cup,Marseille,France,True,1998,2,2,Local
531,1998-06-15,Germany,United States,2,0,FIFA World Cup,Paris,France,True,1998,2,2,Local
532,1998-06-15,Romania,Colombia,1,0,FIFA World Cup,Lyon,France,True,1998,1,1,Local
533,1998-06-16,Brazil,Morocco,3,0,FIFA World Cup,Nantes,France,True,1998,3,3,Local
534,1998-06-16,Scotland,Norway,1,1,FIFA World Cup,Bordeaux,France,True,1998,2,0,Empate
535,1998-06-17,Chile,Austria,1,1,FIFA World Cup,Saint-Étienne,France,True,1998,2,0,Empate
536,1998-06-17,Italy,Cameroon,3,0,FIFA World Cup,Montpellier,France,True,1998,3,3,Local
537,1998-06-18,France,Saudi Arabia,4,0,FIFA World Cup,Saint-Denis,France,False,1998,4,4,Local
538,1998-06-18,South Africa,Denmark,1,1,FIFA World Cup,Toulouse,France,True,1998,2,0,Empate
539,1998-06-19,Nigeria,Bulgaria,1,0,FIFA World Cup,Paris,France,True,1998,1,1,Local
540,1998-06-19,Spain,Paraguay,0,0,FIFA World Cup,Saint-Étienne,France,True,1998,0,0,Empate
541,1998-06-20,Belgium,Mexico,2,2,FIFA World Cup,Bordeaux,France,True,1998,4,0,Empate
542,1998-06-20,Japan,Croatia,0,1,FIFA World Cup,Nantes,France,True,1998,1,1,Visitante
543,1998-06-20,Netherlands,South Korea,5,0,FIFA World Cup,Marseille,France,True,1998,5,5,Local
544,1998-06-21,Argentina,Jamaica,5,0,FIFA World Cup,Paris,France,True,1998,5,5,Local
545,1998-06-21,Germany,Serbia,2,2,FIFA World Cup,Lens,France,True,1998,4,0,Empate
546,1998-06-21,United States,Iran,1,2,FIFA World Cup,Lyon,France,True,1998,3,1,Visitante
547,1998-06-22,Colombia,Tunisia,1,0,FIFA World Cup,Montpellier,France,True,1998,1,1,Local
548,1998-06-22,Romania,England,2,1,FIFA World Cup,Toulouse,France,True,1998,3,1,Local
549,1998-06-23,Brazil,Norway,1,2,FIFA World Cup,Marseille,France,True,1998,3,1,Visitante
550,1998-06-23,Chile,Cameroon,1,1,FIFA World Cup,Nantes,France,True,1998,2,0,Empate
551,1998-06-23,Italy,Austria,2,1,FIFA World Cup,Saint-Denis,France,True,1998,3,1,Local
552,1998-06-23,Scotland,Morocco,0,3,FIFA World Cup,Saint-Étienne,France,True,1998,3,3,Visitante
553,1998-06-24,France,Denmark,2,1,FIFA World Cup,Lyon,France,False,1998,3,1,Local
554,1998-06-24,Nigeria,Paraguay,1,3,FIFA World Cup,Toulouse,France,True,1998,4,2,Visitante
555,1998-06-24,South Africa,Saudi Arabia,2,2,FIFA World Cup,Bordeaux,France,True,1998,4,0,Empate
556,1998-06-24,Spain,Bulgaria,6,1,FIFA World Cup,Lens,France,True,1998,7,5,Local
557,1998-06-25,Belgium,South Korea,1,1,FIFA World Cup,Paris,France,True,1998,2,0,Empate
558,1998-06-25,Germany,Iran,2,0,FIFA World Cup,Montpellier,France,True,1998,2,2,Local
559,1998-06-25,Netherlands,Mexico,2,2,FIFA World Cup,Saint-Étienne,France,True,1998,4,0,Empate
560,1998-06-25,United States,Serbia,0,1,FIFA World Cup,Nantes,France,True,1998,1,1,Visitante
561,1998-06-26,Argentina,Croatia,1,0,FIFA World Cup,Bordeaux,France,True,1998,1,1,Local
562,1998-06-26,Colombia,England,0,2,FIFA World Cup,Lens,France,True,1998,2,2,Visitante
563,1998-06-26,Japan,Jamaica,1,2,FIFA World Cup,Lyon,France,True,1998,3,1,Visitante
564,1998-06-26,Romania,Tunisia,1,1,FIFA World Cup,Saint-Denis,France,True,1998,2,0,Empate
565,1998-06-27,Brazil,Chile,4,1,FIFA World Cup,Paris,France,True,1998,5,3,Local
566,1998-06-27,Italy,Norway,1,0,FIFA World Cup,Marseille,France,True,1998,1,1,Local
567,1998-06-28,France,Paraguay,1,0,FIFA World Cup,Lens,France,False,1998,1,1,Local
568,1998-06-28,Nigeria,Denmark,1,4,FIFA World Cup,Saint-Denis,France,True,1998,5,3,Visitante
569,1998-06-29,Germany,Mexico,2,1,FIFA World Cup,Montpellier,France,True,1998,3,1,Local
570,1998-06-29,Netherlands,Serbia,2,1,FIFA World Cup,Toulouse,France,True,1998,3,1,Local
571,1998-06-30,Argentina,England,2,2,FIFA World Cup,Saint-Étienne,France,True,1998,4,0,Empate
572,1998-06-30,Romania,Croatia,0,1,FIFA World Cup,Bordeaux,France,True,1998,1,1,Visitante
573,1998-07-03,Brazil,Denmark,3,2,FIFA World Cup,Nantes,France,True,1998,5,1,Local
574,1998-07-03,France,Italy,0,0,FIFA World Cup,Saint-Denis,France,False,1998,0,0,Empate
575,1998-07-04,Germany,Croatia,0,3,FIFA World Cup,Lyon,France,True,1998,3,3,Visitante
576,1998-07-04,Netherlands,Argentina,2,1,FIFA World Cup,Marseille,France,True,1998,3,1,Local
577,1998-07-07,Brazil,Netherlands,1,1,FIFA World Cup,Marseille,France,True,1998,2,0,Empate
578,1998-07-08,France,Croatia,2,1,FIFA World Cup,Saint-Denis,France,False,1998,3,1,Local
579,1998-07-11,Netherlands,Croatia,1,2,FIFA World Cup,Paris,France,True,1998,3,1,Visitante
580,1998-07-12,France,Brazil,3,0,FIFA World Cup,Saint-Denis,France,False,1998,3,3,Local
581,2002-05-31,France,Senegal,0,1,FIFA World Cup,Seoul,South Korea,True,2002,1,1,Visitante
582,2002-06-01,Germany,Saudi Arabia,8,0,FIFA World Cup,Sapporo,Japan,True,2002,8,8,Local
583,2002-06-01,Republic of Ireland,Cameroon,1,1,FIFA World Cup,Niigata,Japan,True,2002,2,0,Empate
584,2002-06-01,Uruguay,Denmark,1,2,FIFA World Cup,Ulsan,South Korea,True,2002,3,1,Visitante
585,2002-06-02,Argentina,Nigeria,1,0,FIFA World Cup,Kashima,Japan,True,2002,1,1,Local
586,2002-06-02,England,Sweden,1,1,FIFA World Cup,Saitama,Japan,True,2002,2,0,Empate
587,2002-06-02,Paraguay,South Africa,2,2,FIFA World Cup,Busan,South Korea,True,2002,4,0,Empate
588,2002-06-02,Spain,Slovenia,3,1,FIFA World Cup,Gwangju,South Korea,True,2002,4,2,Local
589,2002-06-03,Brazil,Turkey,2,1,FIFA World Cup,Ulsan,South Korea,True,2002,3,1,Local
590,2002-06-03,Croatia,Mexico,0,1,FIFA World Cup,Niigata,Japan,True,2002,1,1,Visitante
591,2002-06-03,Italy,Ecuador,2,0,FIFA World Cup,Sapporo,Japan,True,2002,2,2,Local
592,2002-06-04,China,Costa Rica,0,2,FIFA World Cup,Gwangju,South Korea,True,2002,2,2,Visitante
593,2002-06-04,Japan,Belgium,2,2,FIFA World Cup,Saitama,Japan,False,2002,4,0,Empate
594,2002-06-04,South Korea,Poland,2,0,FIFA World Cup,Busan,South Korea,False,2002,2,2,Local
595,2002-06-05,Germany,Republic of Ireland,1,1,FIFA World Cup,Kashima,Japan,True,2002,2,0,Empate
596,2002-06-05,Russia,Tunisia,2,0,FIFA World Cup,Kobe,Japan,True,2002,2,2,Local
597,2002-06-05,United States,Portugal,3,2,FIFA World Cup,Suwon,South Korea,True,2002,5,1,Local
598,2002-06-06,Cameroon,Saudi Arabia,1,0,FIFA World Cup,Saitama,Japan,True,2002,1,1,Local
599,2002-06-06,Denmark,Senegal,1,1,FIFA World Cup,Daegu,South Korea,True,2002,2,0,Empate
600,2002-06-06,France,Uruguay,0,0,FIFA World Cup,Busan,South Korea,True,2002,0,0,Empate
601,2002-06-07,Argentina,England,0,1,FIFA World Cup,Sapporo,Japan,True,2002,1,1,Visitante
602,2002-06-07,Spain,Paraguay,3,1,FIFA World Cup,Jeonju,South Korea,True,2002,4,2,Local
603,2002-06-07,Sweden,Nigeria,2,1,FIFA World Cup,Kobe,Japan,True,2002,3,1,Local
604,2002-06-08,Brazil,China,4,0,FIFA World Cup,Seogwipo,South Korea,True,2002,4,4,Local
605,2002-06-08,Italy,Croatia,1,2,FIFA World Cup,Kashima,Japan,True,2002,3,1,Visitante
606,2002-06-08,South Africa,Slovenia,1,0,FIFA World Cup,Daegu,South Korea,True,2002,1,1,Local
607,2002-06-09,Costa Rica,Turkey,1,1,FIFA World Cup,Incheon,South Korea,True,2002,2,0,Empate
608,2002-06-09,Japan,Russia,1,0,FIFA World Cup,Yokohama,Japan,False,2002,1,1,Local
609,2002-06-09,Mexico,Ecuador,2,1,FIFA World Cup,Rifu,Japan,True,2002,3,1,Local
610,2002-06-10,South Korea,United States,1,1,FIFA World Cup,Daegu,South Korea,False,2002,2,0,Empate
611,2002-06-10,Portugal,Poland,4,0,FIFA World Cup,Jeonju,South Korea,True,2002,4,4,Local
612,2002-06-10,Tunisia,Belgium,1,1,FIFA World Cup,Ōita,Japan,True,2002,2,0,Empate
613,2002-06-11,Cameroon,Germany,0,2,FIFA World Cup,Fukuroi,Japan,True,2002,2,2,Visitante
614,2002-06-11,Denmark,France,2,0,FIFA World Cup,Incheon,South Korea,True,2002,2,2,Local
615,2002-06-11,Saudi Arabia,Republic of Ireland,0,3,FIFA World Cup,Yokohama,Japan,True,2002,3,3,Visitante
616,2002-06-11,Senegal,Uruguay,3,3,FIFA World Cup,Suwon,South Korea,True,2002,6,0,Empate
617,2002-06-12,Nigeria,England,0,0,FIFA World Cup,Osaka,Japan,True,2002,0,0,Empate
618,2002-06-12,Slovenia,Paraguay,1,3,FIFA World Cup,Seogwipo,South Korea,True,2002,4,2,Visitante
619,2002-06-12,South Africa,Spain,2,3,FIFA World Cup,Daejeon,South Korea,True,2002,5,1,Visitante
620,2002-06-12,Sweden,Argentina,1,1,FIFA World Cup,Rifu,Japan,True,2002,2,0,Empate
621,2002-06-13,Costa Rica,Brazil,2,5,FIFA World Cup,Suwon,South Korea,True,2002,7,3,Visitante
622,2002-06-13,Ecuador,Croatia,1,0,FIFA World Cup,Yokohama,Japan,True,2002,1,1,Local
623,2002-06-13,Mexico,Italy,1,1,FIFA World Cup,Ōita,Japan,True,2002,2,0,Empate
624,2002-06-13,Turkey,China,3,0,FIFA World Cup,Seoul,South Korea,True,2002,3,3,Local
625,2002-06-14,Belgium,Russia,3,2,FIFA World Cup,Fukuroi,Japan,True,2002,5,1,Local
626,2002-06-14,Japan,Tunisia,2,0,FIFA World Cup,Osaka,Japan,False,2002,2,2,Local
627,2002-06-14,South Korea,Portugal,1,0,FIFA World Cup,Incheon,South Korea,False,2002,1,1,Local
628,2002-06-14,Poland,United States,3,1,FIFA World Cup,Daejeon,South Korea,True,2002,4,2,Local
629,2002-06-15,Denmark,England,0,3,FIFA World Cup,Niigata,Japan,True,2002,3,3,Visitante
630,2002-06-15,Germany,Paraguay,1,0,FIFA World Cup,Seogwipo,South Korea,True,2002,1,1,Local
631,2002-06-16,Spain,Republic of Ireland,1,1,FIFA World Cup,Suwon,South Korea,True,2002,2,0,Empate
632,2002-06-16,Sweden,Senegal,1,2,FIFA World Cup,Ōita,Japan,True,2002,3,1,Visitante
633,2002-06-17,Brazil,Belgium,2,0,FIFA World Cup,Kobe,Japan,True,2002,2,2,Local
634,2002-06-17,Mexico,United States,0,2,FIFA World Cup,Jeonju,South Korea,True,2002,2,2,Visitante
635,2002-06-18,Japan,Turkey,0,1,FIFA World Cup,Rifu,Japan,False,2002,1,1,Visitante
636,2002-06-18,South Korea,Italy,2,1,FIFA World Cup,Daejeon,South Korea,False,2002,3,1,Local
637,2002-06-21,England,Brazil,1,2,FIFA World Cup,Fukuroi,Japan,True,2002,3,1,Visitante
638,2002-06-21,Germany,United States,1,0,FIFA World Cup,Ulsan,South Korea,True,2002,1,1,Local
639,2002-06-22,South Korea,Spain,0,0,FIFA World Cup,Gwangju,South Korea,False,2002,0,0,Empate
640,2002-06-22,Senegal,Turkey,0,1,FIFA World Cup,Osaka,Japan,True,2002,1,1,Visitante
641,2002-06-25,South Korea,Germany,0,1,FIFA World Cup,Seoul,South Korea,False,2002,1,1,Visitante
642,2002-06-26,Brazil,Turkey,1,0,FIFA World Cup,Saitama,Japan,True,2002,1,1,Local
643,2002-06-29,South Korea,Turkey,2,3,FIFA World Cup,Daegu,South Korea,False,2002,5,1,Visitante
644,2002-06-30,Germany,Brazil,0,2,FIFA World Cup,Yokohama,Japan,True,2002,2,2,Visitante
645,2006-06-09,Germany,Costa Rica,4,2,FIFA World Cup,Munich,Germany,False,2006,6,2,Local
646,2006-06-09,Poland,Ecuador,0,2,FIFA World Cup,Gelsenkirchen,Germany,True,2006,2,2,Visitante
647,2006-06-10,Argentina,Ivory Coast,2,1,FIFA World Cup,Hamburg,Germany,True,2006,3,1,Local
648,2006-06-10,England,Paraguay,1,0,FIFA World Cup,Frankfurt,Germany,True,2006,1,1,Local
649,2006-06-10,Trinidad and Tobago,Sweden,0,0,FIFA World Cup,Dortmund,Germany,True,2006,0,0,Empate
650,2006-06-11,Angola,Portugal,0,1,FIFA World Cup,Cologne,Germany,True,2006,1,1,Visitante
651,2006-06-11,Mexico,Iran,3,1,FIFA World Cup,Nuremberg,Germany,True,2006,4,2,Local
652,2006-06-11,Serbia,Netherlands,0,1,FIFA World Cup,Leipzig,Germany,True,2006,1,1,Visitante
653,2006-06-12,Australia,Japan,3,1,FIFA World Cup,Kaiserslautern,Germany,True,2006,4,2,Local
654,2006-06-12,Italy,Ghana,2,0,FIFA World Cup,Hanover,Germany,True,2006,2,2,Local
655,2006-06-12,United States,Czech Republic,0,3,FIFA World Cup,Gelsenkirchen,Germany,True,2006,3,3,Visitante
656,2006-06-13,Brazil,Croatia,1,0,FIFA World Cup,Berlin,Germany,True,2006,1,1,Local
657,2006-06-13,France,Switzerland,0,0,FIFA World Cup,Stuttgart,Germany,True,2006,0,0,Empate
658,2006-06-13,South Korea,Togo,2,1,FIFA World Cup,Frankfurt,Germany,True,2006,3,1,Local
659,2006-06-14,Germany,Poland,1,0,FIFA World Cup,Dortmund,Germany,False,2006,1,1,Local
660,2006-06-14,Spain,Ukraine,4,0,FIFA World Cup,Leipzig,Germany,True,2006,4,4,Local
661,2006-06-14,Tunisia,Saudi Arabia,2,2,FIFA World Cup,Munich,Germany,True,2006,4,0,Empate
662,2006-06-15,Ecuador,Costa Rica,3,0,FIFA World Cup,Hamburg,Germany,True,2006,3,3,Local
663,2006-06-15,England,Trinidad and Tobago,2,0,FIFA World Cup,Nuremberg,Germany,True,2006,2,2,Local
664,2006-06-15,Sweden,Paraguay,1,0,FIFA World Cup,Berlin,Germany,True,2006,1,1,Local
665,2006-06-16,Argentina,Serbia,6,0,FIFA World Cup,Gelsenkirchen,Germany,True,2006,6,6,Local
666,2006-06-16,Mexico,Angola,0,0,FIFA World Cup,Hanover,Germany,True,2006,0,0,Empate
667,2006-06-16,Netherlands,Ivory Coast,2,1,FIFA World Cup,Stuttgart,Germany,True,2006,3,1,Local
668,2006-06-17,Czech Republic,Ghana,0,2,FIFA World Cup,Cologne,Germany,True,2006,2,2,Visitante
669,2006-06-17,Italy,United States,1,1,FIFA World Cup,Kaiserslautern,Germany,True,2006,2,0,Empate
670,2006-06-17,Portugal,Iran,2,0,FIFA World Cup,Frankfurt,Germany,True,2006,2,2,Local
671,2006-06-18,Brazil,Australia,2,0,FIFA World Cup,Munich,Germany,True,2006,2,2,Local
672,2006-06-18,France,South Korea,1,1,FIFA World Cup,Leipzig,Germany,True,2006,2,0,Empate
673,2006-06-18,Japan,Croatia,0,0,FIFA World Cup,Nuremberg,Germany,True,2006,0,0,Empate
674,2006-06-19,Saudi Arabia,Ukraine,0,4,FIFA World Cup,Hamburg,Germany,True,2006,4,4,Visitante
675,2006-06-19,Spain,Tunisia,3,1,FIFA World Cup,Stuttgart,Germany,True,2006,4,2,Local
676,2006-06-19,Togo,Switzerland,0,2,FIFA World Cup,Dortmund,Germany,True,2006,2,2,Visitante
677,2006-06-20,Costa Rica,Poland,1,2,FIFA World Cup,Hanover,Germany,True,2006,3,1,Visitante
678,2006-06-20,Germany,Ecuador,3,0,FIFA World Cup,Berlin,Germany,False,2006,3,3,Local
679,2006-06-20,Paraguay,Trinidad and Tobago,2,0,FIFA World Cup,Kaiserslautern,Germany,True,2006,2,2,Local
680,2006-06-20,Sweden,England,2,2,FIFA World Cup,Cologne,Germany,True,2006,4,0,Empate
681,2006-06-21,Iran,Angola,1,1,FIFA World Cup,Leipzig,Germany,True,2006,2,0,Empate
682,2006-06-21,Ivory Coast,Serbia,3,2,FIFA World Cup,Munich,Germany,True,2006,5,1,Local
683,2006-06-21,Netherlands,Argentina,0,0,FIFA World Cup,Frankfurt,Germany,True,2006,0,0,Empate
684,2006-06-21,Portugal,Mexico,2,1,FIFA World Cup,Gelsenkirchen,Germany,True,2006,3,1,Local
685,2006-06-22,Croatia,Australia,2,2,FIFA World Cup,Stuttgart,Germany,True,2006,4,0,Empate
686,2006-06-22,Czech Republic,Italy,0,2,FIFA World Cup,Hamburg,Germany,True,2006,2,2,Visitante
687,2006-06-22,Ghana,United States,2,1,FIFA World Cup,Nuremberg,Germany,True,2006,3,1,Local
688,2006-06-22,Japan,Brazil,1,4,FIFA World Cup,Dortmund,Germany,True,2006,5,3,Visitante
689,2006-06-23,Saudi Arabia,Spain,0,1,FIFA World Cup,Kaiserslautern,Germany,True,2006,1,1,Visitante
690,2006-06-23,Switzerland,South Korea,2,0,FIFA World Cup,Hanover,Germany,True,2006,2,2,Local
691,2006-06-23,Togo,France,0,2,FIFA World Cup,Cologne,Germany,True,2006,2,2,Visitante
692,2006-06-23,Ukraine,Tunisia,1,0,FIFA World Cup,Berlin,Germany,True,2006,1,1,Local
693,2006-06-24,Argentina,Mexico,2,1,FIFA World Cup,Leipzig,Germany,True,2006,3,1,Local
694,2006-06-24,Germany,Sweden,2,0,FIFA World Cup,Munich,Germany,False,2006,2,2,Local
695,2006-06-25,England,Ecuador,1,0,FIFA World Cup,Stuttgart,Germany,True,2006,1,1,Local
696,2006-06-25,Portugal,Netherlands,1,0,FIFA World Cup,Nuremberg,Germany,True,2006,1,1,Local
697,2006-06-26,Italy,Australia,1,0,FIFA World Cup,Kaiserslautern,Germany,True,2006,1,1,Local
698,2006-06-26,Switzerland,Ukraine,0,0,FIFA World Cup,Cologne,Germany,True,2006,0,0,Empate
699,2006-06-27,Brazil,Ghana,3,0,FIFA World Cup,Dortmund,Germany,True,2006,3,3,Local
700,2006-06-27,Spain,France,1,3,FIFA World Cup,Hanover,Germany,True,2006,4,2,Visitante
701,2006-06-30,Germany,Argentina,1,1,FIFA World Cup,Berlin,Germany,False,2006,2,0,Empate
702,2006-06-30,Italy,Ukraine,3,0,FIFA World Cup,Hamburg,Germany,True,2006,3,3,Local
703,2006-07-01,Brazil,France,0,1,FIFA World Cup,Frankfurt,Germany,True,2006,1,1,Visitante
704,2006-07-01,England,Portugal,0,0,FIFA World Cup,Gelsenkirchen,Germany,True,2006,0,0,Empate
705,2006-07-04,Germany,Italy,0,2,FIFA World Cup,Dortmund,Germany,False,2006,2,2,Visitante
706,2006-07-05,Portugal,France,0,1,FIFA World Cup,Munich,Germany,True,2006,1,1,Visitante
707,2006-07-08,Germany,Portugal,3,1,FIFA World Cup,Stuttgart,Germany,False,2006,4,2,Local
708,2006-07-09,Italy,France,1,1,FIFA World Cup,Berlin,Germany,True,2006,2,0,Empate
709,2010-06-11,South Africa,Mexico,1,1,FIFA World Cup,Johannesburg,South Africa,False,2010,2,0,Empate
710,2010-06-11,Uruguay,France,0,0,FIFA World Cup,Cape Town,South Africa,True,2010,0,0,Empate
711,2010-06-12,Argentina,Nigeria,1,0,FIFA World Cup,Johannesburg,South Africa,True,2010,1,1,Local
712,2010-06-12,England,United States,1,1,FIFA World Cup,Rustenburg,South Africa,True,2010,2,0,Empate
713,2010-06-12,South Korea,Greece,2,0,FIFA World Cup,Port Elizabeth,South Africa,True,2010,2,2,Local
714,2010-06-13,Algeria,Slovenia,0,1,FIFA World Cup,Polokwane,South Africa,True,2010,1,1,Visitante
715,2010-06-13,Germany,Australia,4,0,FIFA World Cup,Durban,South Africa,True,2010,4,4,Local
716,2010-06-13,Serbia,Ghana,0,1,FIFA World Cup,Pretoria,South Africa,True,2010,1,1,Visitante
717,2010-06-14,Italy,Paraguay,1,1,FIFA World Cup,Cape Town,South Africa,True,2010,2,0,Empate
718,2010-06-14,Japan,Cameroon,1,0,FIFA World Cup,Bloemfontein,South Africa,True,2010,1,1,Local
719,2010-06-14,Netherlands,Denmark,2,0,FIFA World Cup,Johannesburg,South Africa,True,2010,2,2,Local
720,2010-06-15,Brazil,North Korea,2,1,FIFA World Cup,Johannesburg,South Africa,True,2010,3,1,Local
721,2010-06-15,Ivory Coast,Portugal,0,0,FIFA World Cup,Port Elizabeth,South Africa,True,2010,0,0,Empate
722,2010-06-15,New Zealand,Slovakia,1,1,FIFA World Cup,Rustenburg,South Africa,True,2010,2,0,Empate
723,2010-06-16,Honduras,Chile,0,1,FIFA World Cup,Nelspruit,South Africa,True,2010,1,1,Visitante
724,2010-06-16,South Africa,Uruguay,0,3,FIFA World Cup,Pretoria,South Africa,False,2010,3,3,Visitante
725,2010-06-16,Spain,Switzerland,0,1,FIFA World Cup,Durban,South Africa,True,2010,1,1,Visitante
726,2010-06-17,Argentina,South Korea,4,1,FIFA World Cup,Johannesburg,South Africa,True,2010,5,3,Local
727,2010-06-17,France,Mexico,0,2,FIFA World Cup,Polokwane,South Africa,True,2010,2,2,Visitante
728,2010-06-17,Greece,Nigeria,2,1,FIFA World Cup,Bloemfontein,South Africa,True,2010,3,1,Local
729,2010-06-18,England,Algeria,0,0,FIFA World Cup,Cape Town,South Africa,True,2010,0,0,Empate
730,2010-06-18,Germany,Serbia,0,1,FIFA World Cup,Port Elizabeth,South Africa,True,2010,1,1,Visitante
731,2010-06-18,Slovenia,United States,2,2,FIFA World Cup,Johannesburg,South Africa,True,2010,4,0,Empate
732,2010-06-19,Cameroon,Denmark,1,2,FIFA World Cup,Pretoria,South Africa,True,2010,3,1,Visitante
733,2010-06-19,Ghana,Australia,1,1,FIFA World Cup,Rustenburg,South Africa,True,2010,2,0,Empate
734,2010-06-19,Netherlands,Japan,1,0,FIFA World Cup,Durban,South Africa,True,2010,1,1,Local
735,2010-06-20,Brazil,Ivory Coast,3,1,FIFA World Cup,Johannesburg,South Africa,True,2010,4,2,Local
736,2010-06-20,Italy,New Zealand,1,1,FIFA World Cup,Nelspruit,South Africa,True,2010,2,0,Empate
737,2010-06-20,Slovakia,Paraguay,0,2,FIFA World Cup,Bloemfontein,South Africa,True,2010,2,2,Visitante
738,2010-06-21,Chile,Switzerland,1,0,FIFA World Cup,Port Elizabeth,South Africa,True,2010,1,1,Local
739,2010-06-21,Portugal,North Korea,7,0,FIFA World Cup,Cape Town,South Africa,True,2010,7,7,Local
740,2010-06-21,Spain,Honduras,2,0,FIFA World Cup,Johannesburg,South Africa,True,2010,2,2,Local
741,2010-06-22,Greece,Argentina,0,2,FIFA World Cup,Polokwane,South Africa,True,2010,2,2,Visitante
742,2010-06-22,Mexico,Uruguay,0,1,FIFA World Cup,Rustenburg,South Africa,True,2010,1,1,Visitante
743,2010-06-22,Nigeria,South Korea,2,2,FIFA World Cup,Durban,South Africa,True,2010,4,0,Empate
744,2010-06-22,South Africa,France,2,1,FIFA World Cup,Bloemfontein,South Africa,False,2010,3,1,Local
745,2010-06-23,Australia,Serbia,2,1,FIFA World Cup,Nelspruit,South Africa,True,2010,3,1,Local
746,2010-06-23,Ghana,Germany,0,1,FIFA World Cup,Johannesburg,South Africa,True,2010,1,1,Visitante
747,2010-06-23,Slovenia,England,0,1,FIFA World Cup,Port Elizabeth,South Africa,True,2010,1,1,Visitante
748,2010-06-23,United States,Algeria,1,0,FIFA World Cup,Pretoria,South Africa,True,2010,1,1,Local
749,2010-06-24,Cameroon,Netherlands,1,2,FIFA World Cup,Cape Town,South Africa,True,2010,3,1,Visitante
750,2010-06-24,Denmark,Japan,1,3,FIFA World Cup,Rustenburg,South Africa,True,2010,4,2,Visitante
751,2010-06-24,Paraguay,New Zealand,0,0,FIFA World Cup,Polokwane,South Africa,True,2010,0,0,Empate
752,2010-06-24,Slovakia,Italy,3,2,FIFA World Cup,Johannesburg,South Africa,True,2010,5,1,Local
753,2010-06-25,Chile,Spain,1,2,FIFA World Cup,Pretoria,South Africa,True,2010,3,1,Visitante
754,2010-06-25,North Korea,Ivory Coast,0,3,FIFA World Cup,Nelspruit,South Africa,True,2010,3,3,Visitante
755,2010-06-25,Portugal,Brazil,0,0,FIFA World Cup,Durban,South Africa,True,2010,0,0,Empate
756,2010-06-25,Switzerland,Honduras,0,0,FIFA World Cup,Bloemfontein,South Africa,True,2010,0,0,Empate
757,2010-06-26,Uruguay,South Korea,2,1,FIFA World Cup,Port Elizabeth,South Africa,True,2010,3,1,Local
758,2010-06-26,United States,Ghana,1,2,FIFA World Cup,Rustenburg,South Africa,True,2010,3,1,Visitante
759,2010-06-27,Argentina,Mexico,3,1,FIFA World Cup,Johannesburg,South Africa,True,2010,4,2,Local
760,2010-06-27,Germany,England,4,1,FIFA World Cup,Bloemfontein,South Africa,True,2010,5,3,Local
761,2010-06-28,Brazil,Chile,3,0,FIFA World Cup,Johannesburg,South Africa,True,2010,3,3,Local
762,2010-06-28,Netherlands,Slovakia,2,1,FIFA World Cup,Durban,South Africa,True,2010,3,1,Local
763,2010-06-29,Paraguay,Japan,0,0,FIFA World Cup,Pretoria,South Africa,True,2010,0,0,Empate
764,2010-06-29,Spain,Portugal,1,0,FIFA World Cup,Cape Town,South Africa,True,2010,1,1,Local
765,2010-07-02,Netherlands,Brazil,2,1,FIFA World Cup,Port Elizabeth,South Africa,True,2010,3,1,Local
766,2010-07-02,Uruguay,Ghana,1,1,FIFA World Cup,Johannesburg,South Africa,True,2010,2,0,Empate
767,2010-07-03,Argentina,Germany,0,4,FIFA World Cup,Cape Town,South Africa,True,2010,4,4,Visitante
768,2010-07-03,Paraguay,Spain,0,1,FIFA World Cup,Johannesburg,South Africa,True,2010,1,1,Visitante
769,2010-07-06,Uruguay,Netherlands,2,3,FIFA World Cup,Cape Town,South Africa,True,2010,5,1,Visitante
770,2010-07-07,Germany,Spain,0,1,FIFA World Cup,Durban,South Africa,True,2010,1,1,Visitante
771,2010-07-10,Uruguay,Germany,2,3,FIFA World Cup,Port Elizabeth,South Africa,True,2010,5,1,Visitante
772,2010-07-11,Netherlands,Spain,0,1,FIFA World Cup,Johannesburg,South Africa,True,2010,1,1,Visitante
773,2014-06-12,Brazil,Croatia,3,1,FIFA World Cup,São Paulo,Brazil,False,2014,4,2,Local
774,2014-06-13,Chile,Australia,3,1,FIFA World Cup,Cuiabá,Brazil,True,2014,4,2,Local
775,2014-06-13,Mexico,Cameroon,1,0,FIFA World Cup,Natal,Brazil,True,2014,1,1,Local
776,2014-06-13,Spain,Netherlands,1,5,FIFA World Cup,Salvador,Brazil,True,2014,6,4,Visitante
777,2014-06-14,Colombia,Greece,3,0,FIFA World Cup,Belo Horizonte,Brazil,True,2014,3,3,Local
778,2014-06-14,England,Italy,1,2,FIFA World Cup,Manaus,Brazil,True,2014,3,1,Visitante
779,2014-06-14,Ivory Coast,Japan,2,1,FIFA World Cup,Recife,Brazil,True,2014,3,1,Local
780,2014-06-14,Uruguay,Costa Rica,1,3,FIFA World Cup,Fortaleza,Brazil,True,2014,4,2,Visitante
781,2014-06-15,Argentina,Bosnia and Herzegovina,2,1,FIFA World Cup,Rio de Janeiro,Brazil,True,2014,3,1,Local
782,2014-06-15,France,Honduras,3,0,FIFA World Cup,Porto Alegre,Brazil,True,2014,3,3,Local
783,2014-06-15,Switzerland,Ecuador,2,1,FIFA World Cup,Brasília,Brazil,True,2014,3,1,Local
784,2014-06-16,Germany,Portugal,4,0,FIFA World Cup,Salvador,Brazil,True,2014,4,4,Local
785,2014-06-16,Ghana,United States,1,2,FIFA World Cup,Natal,Brazil,True,2014,3,1,Visitante
786,2014-06-16,Iran,Nigeria,0,0,FIFA World Cup,Curitiba,Brazil,True,2014,0,0,Empate
787,2014-06-17,Belgium,Algeria,2,1,FIFA World Cup,Belo Horizonte,Brazil,True,2014,3,1,Local
788,2014-06-17,Brazil,Mexico,0,0,FIFA World Cup,Fortaleza,Brazil,False,2014,0,0,Empate
789,2014-06-17,Russia,South Korea,1,1,FIFA World Cup,Cuiabá,Brazil,True,2014,2,0,Empate
790,2014-06-18,Australia,Netherlands,2,3,FIFA World Cup,Curitiba,Brazil,True,2014,5,1,Visitante
791,2014-06-18,Cameroon,Croatia,0,4,FIFA World Cup,Manaus,Brazil,True,2014,4,4,Visitante
792,2014-06-18,Spain,Chile,0,2,FIFA World Cup,Rio de Janeiro,Brazil,True,2014,2,2,Visitante
793,2014-06-19,Colombia,Ivory Coast,2,1,FIFA World Cup,Brasília,Brazil,True,2014,3,1,Local
794,2014-06-19,Japan,Greece,0,0,FIFA World Cup,Natal,Brazil,True,2014,0,0,Empate
795,2014-06-19,Uruguay,England,2,1,FIFA World Cup,São Paulo,Brazil,True,2014,3,1,Local
796,2014-06-20,Honduras,Ecuador,1,2,FIFA World Cup,Curitiba,Brazil,True,2014,3,1,Visitante
797,2014-06-20,Italy,Costa Rica,0,1,FIFA World Cup,Recife,Brazil,True,2014,1,1,Visitante
798,2014-06-20,Switzerland,France,2,5,FIFA World Cup,Salvador,Brazil,True,2014,7,3,Visitante
799,2014-06-21,Argentina,Iran,1,0,FIFA World Cup,Belo Horizonte,Brazil,True,2014,1,1,Local
800,2014-06-21,Germany,Ghana,2,2,FIFA World Cup,Fortaleza,Brazil,True,2014,4,0,Empate
801,2014-06-21,Nigeria,Bosnia and Herzegovina,1,0,FIFA World Cup,Cuiabá,Brazil,True,2014,1,1,Local
802,2014-06-22,Belgium,Russia,1,0,FIFA World Cup,Rio de Janeiro,Brazil,True,2014,1,1,Local
803,2014-06-22,South Korea,Algeria,2,4,FIFA World Cup,Porto Alegre,Brazil,True,2014,6,2,Visitante
804,2014-06-22,United States,Portugal,2,2,FIFA World Cup,Manaus,Brazil,True,2014,4,0,Empate
805,2014-06-23,Australia,Spain,0,3,FIFA World Cup,Curitiba,Brazil,True,2014,3,3,Visitante
806,2014-06-23,Brazil,Cameroon,4,1,FIFA World Cup,Brasília,Brazil,False,2014,5,3,Local
807,2014-06-23,Croatia,Mexico,1,3,FIFA World Cup,Recife,Brazil,True,2014,4,2,Visitante
808,2014-06-23,Netherlands,Chile,2,0,FIFA World Cup,São Paulo,Brazil,True,2014,2,2,Local
809,2014-06-24,Costa Rica,England,0,0,FIFA World Cup,Belo Horizonte,Brazil,True,2014,0,0,Empate
810,2014-06-24,Greece,Ivory Coast,2,1,FIFA World Cup,Fortaleza,Brazil,True,2014,3,1,Local
811,2014-06-24,Italy,Uruguay,0,1,FIFA World Cup,Natal,Brazil,True,2014,1,1,Visitante
812,2014-06-24,Japan,Colombia,1,4,FIFA World Cup,Cuiabá,Brazil,True,2014,5,3,Visitante
813,2014-06-25,Bosnia and Herzegovina,Iran,3,1,FIFA World Cup,Salvador,Brazil,True,2014,4,2,Local
814,2014-06-25,Ecuador,France,0,0,FIFA World Cup,Rio de Janeiro,Brazil,True,2014,0,0,Empate
815,2014-06-25,Honduras,Switzerland,0,3,FIFA World Cup,Manaus,Brazil,True,2014,3,3,Visitante
816,2014-06-25,Nigeria,Argentina,2,3,FIFA World Cup,Porto Alegre,Brazil,True,2014,5,1,Visitante
817,2014-06-26,Algeria,Russia,1,1,FIFA World Cup,Curitiba,Brazil,True,2014,2,0,Empate
818,2014-06-26,South Korea,Belgium,0,1,FIFA World Cup,São Paulo,Brazil,True,2014,1,1,Visitante
819,2014-06-26,Portugal,Ghana,2,1,FIFA World Cup,Brasília,Brazil,True,2014,3,1,Local
820,2014-06-26,United States,Germany,0,1,FIFA World Cup,Recife,Brazil,True,2014,1,1,Visitante
821,2014-06-28,Brazil,Chile,1,1,FIFA World Cup,Belo Horizonte,Brazil,False,2014,2,0,Empate
822,2014-06-28,Colombia,Uruguay,2,0,FIFA World Cup,Rio de Janeiro,Brazil,True,2014,2,2,Local
823,2014-06-29,Costa Rica,Greece,1,1,FIFA World Cup,Recife,Brazil,True,2014,2,0,Empate
824,2014-06-29,Netherlands,Mexico,2,1,FIFA World Cup,Fortaleza,Brazil,True,2014,3,1,Local
825,2014-06-30,France,Nigeria,2,0,FIFA World Cup,Brasília,Brazil,True,2014,2,2,Local
826,2014-06-30,Germany,Algeria,2,1,FIFA World Cup,Porto Alegre,Brazil,True,2014,3,1,Local
827,2014-07-01,Argentina,Switzerland,1,0,FIFA World Cup,São Paulo,Brazil,True,2014,1,1,Local
828,2014-07-01,Belgium,United States,2,1,FIFA World Cup,Salvador,Brazil,True,2014,3,1,Local
829,2014-07-04,Brazil,Colombia,2,1,FIFA World Cup,Fortaleza,Brazil,False,2014,3,1,Local
830,2014-07-04,France,Germany,0,1,FIFA World Cup,Rio de Janeiro,Brazil,True,2014,1,1,Visitante
831,2014-07-05,Argentina,Belgium,1,0,FIFA World Cup,Brasília,Brazil,True,2014,1,1,Local
832,2014-07-05,Netherlands,Costa Rica,0,0,FIFA World Cup,Salvador,Brazil,True,2014,0,0,Empate
833,2014-07-08,Brazil,Germany,1,7,FIFA World Cup,Belo Horizonte,Brazil,False,2014,8,6,Visitante
834,2014-07-09,Netherlands,Argentina,0,0,FIFA World Cup,São Paulo,Brazil,True,2014,0,0,Empate
835,2014-07-12,Brazil,Netherlands,0,3,FIFA World Cup,Brasília,Brazil,False,2014,3,3,Visitante
836,2014-07-13,Germany,Argentina,1,0,FIFA World Cup,Rio de Janeiro,Brazil,True,2014,1,1,Local
837,2018-06-14,Russia,Saudi Arabia,5,0,FIFA World Cup,Moscow,Russia,False,2018,5,5,Local
838,2018-06-15,Egypt,Uruguay,0,1,FIFA World Cup,Ekaterinburg,Russia,True,2018,1,1,Visitante
839,2018-06-15,Morocco,Iran,0,1,FIFA World Cup,Saint Petersburg,Russia,True,2018,1,1,Visitante
840,2018-06-15,Portugal,Spain,3,3,FIFA World Cup,Sochi,Russia,True,2018,6,0,Empate
841,2018-06-16,France,Australia,2,1,FIFA World Cup,Kazan,Russia,True,2018,3,1,Local
842,2018-06-16,Argentina,Iceland,1,1,FIFA World Cup,Moscow,Russia,True,2018,2,0,Empate
843,2018-06-16,Peru,Denmark,0,1,FIFA World Cup,Saransk,Russia,True,2018,1,1,Visitante
844,2018-06-16,Croatia,Nigeria,2,0,FIFA World Cup,Kaliningrad,Russia,True,2018,2,2,Local
845,2018-06-17,Costa Rica,Serbia,0,1,FIFA World Cup,Samara,Russia,True,2018,1,1,Visitante
846,2018-06-17,Germany,Mexico,0,1,FIFA World Cup,Moscow,Russia,True,2018,1,1,Visitante
847,2018-06-17,Brazil,Switzerland,1,1,FIFA World Cup,Rostov-on-Don,Russia,True,2018,2,0,Empate
848,2018-06-18,Sweden,South Korea,1,0,FIFA World Cup,Nizhny Novgorod,Russia,True,2018,1,1,Local
849,2018-06-18,Belgium,Panama,3,0,FIFA World Cup,Sochi,Russia,True,2018,3,3,Local
850,2018-06-18,Tunisia,England,1,2,FIFA World Cup,Volgograd,Russia,True,2018,3,1,Visitante
851,2018-06-19,Colombia,Japan,1,2,FIFA World Cup,Saransk,Russia,True,2018,3,1,Visitante
852,2018-06-19,Poland,Senegal,1,2,FIFA World Cup,Moscow,Russia,True,2018,3,1,Visitante
853,2018-06-19,Russia,Egypt,3,1,FIFA World Cup,Saint Petersburg,Russia,False,2018,4,2,Local
854,2018-06-20,Portugal,Morocco,1,0,FIFA World Cup,Moscow,Russia,True,2018,1,1,Local
855,2018-06-20,Uruguay,Saudi Arabia,1,0,FIFA World Cup,Rostov-on-Don,Russia,True,2018,1,1,Local
856,2018-06-20,Iran,Spain,0,1,FIFA World Cup,Kazan,Russia,True,2018,1,1,Visitante
857,2018-06-21,Denmark,Australia,1,1,FIFA World Cup,Samara,Russia,True,2018,2,0,Empate
858,2018-06-21,France,Peru,1,0,FIFA World Cup,Ekaterinburg,Russia,True,2018,1,1,Local
859,2018-06-21,Argentina,Croatia,0,3,FIFA World Cup,Nizhny Novgorod,Russia,True,2018,3,3,Visitante
860,2018-06-22,Brazil,Costa Rica,2,0,FIFA World Cup,Saint Petersburg,Russia,True,2018,2,2,Local
861,2018-06-22,Nigeria,Iceland,2,0,FIFA World Cup,Volgograd,Russia,True,2018,2,2,Local
862,2018-06-22,Serbia,Switzerland,1,2,FIFA World Cup,Kaliningrad,Russia,True,2018,3,1,Visitante
863,2018-06-23,Belgium,Tunisia,5,2,FIFA World Cup,Moscow,Russia,True,2018,7,3,Local
864,2018-06-23,South Korea,Mexico,1,2,FIFA World Cup,Rostov-on-Don,Russia,True,2018,3,1,Visitante
865,2018-06-23,Germany,Sweden,2,1,FIFA World Cup,Sochi,Russia,True,2018,3,1,Local
866,2018-06-24,England,Panama,6,1,FIFA World Cup,Nizhny Novgorod,Russia,True,2018,7,5,Local
867,2018-06-24,Japan,Senegal,2,2,FIFA World Cup,Ekaterinburg,Russia,True,2018,4,0,Empate
868,2018-06-24,Poland,Colombia,0,3,FIFA World Cup,Kazan,Russia,True,2018,3,3,Visitante
869,2018-06-25,Russia,Uruguay,0,3,FIFA World Cup,Samara,Russia,False,2018,3,3,Visitante
870,2018-06-25,Saudi Arabia,Egypt,2,1,FIFA World Cup,Volgograd,Russia,True,2018,3,1,Local
871,2018-06-25,Spain,Morocco,2,2,FIFA World Cup,Kaliningrad,Russia,True,2018,4,0,Empate
872,2018-06-25,Iran,Portugal,1,1,FIFA World Cup,Saransk,Russia,True,2018,2,0,Empate
873,2018-06-26,Australia,Peru,0,2,FIFA World Cup,Sochi,Russia,True,2018,2,2,Visitante
874,2018-06-26,Denmark,France,0,0,FIFA World Cup,Moscow,Russia,True,2018,0,0,Empate
875,2018-06-26,Nigeria,Argentina,1,2,FIFA World Cup,Saint Petersburg,Russia,True,2018,3,1,Visitante
876,2018-06-26,Iceland,Croatia,1,2,FIFA World Cup,Rostov-on-Don,Russia,True,2018,3,1,Visitante
877,2018-06-27,South Korea,Germany,2,0,FIFA World Cup,Kazan,Russia,True,2018,2,2,Local
878,2018-06-27,Mexico,Sweden,0,3,FIFA World Cup,Ekaterinburg,Russia,True,2018,3,3,Visitante
879,2018-06-27,Serbia,Brazil,0,2,FIFA World Cup,Moscow,Russia,True,2018,2,2,Visitante
880,2018-06-27,Switzerland,Costa Rica,2,2,FIFA World Cup,Nizhny Novgorod,Russia,True,2018,4,0,Empate
881,2018-06-28,Japan,Poland,0,1,FIFA World Cup,Volgograd,Russia,True,2018,1,1,Visitante
882,2018-06-28,Senegal,Colombia,0,1,FIFA World Cup,Samara,Russia,True,2018,1,1,Visitante
883,2018-06-28,Panama,Tunisia,1,2,FIFA World Cup,Saransk,Russia,True,2018,3,1,Visitante
884,2018-06-28,England,Belgium,0,1,FIFA World Cup,Kaliningrad,Russia,True,2018,1,1,Visitante
885,2018-06-30,France,Argentina,4,3,FIFA World Cup,Kazan,Russia,True,2018,7,1,Local
886,2018-06-30,Uruguay,Portugal,2,1,FIFA World Cup,Sochi,Russia,True,2018,3,1,Local
887,2018-07-01,Russia,Spain,1,1,FIFA World Cup,Moscow,Russia,False,2018,2,0,Empate
888,2018-07-01,Croatia,Denmark,1,1,FIFA World Cup,Nizhny Novgorod,Russia,True,2018,2,0,Empate
889,2018-07-02,Brazil,Mexico,2,0,FIFA World Cup,Samara,Russia,True,2018,2,2,Local
890,2018-07-02,Belgium,Japan,3,2,FIFA World Cup,Rostov-on-Don,Russia,True,2018,5,1,Local
891,2018-07-03,Sweden,Switzerland,1,0,FIFA World Cup,Saint Petersburg,Russia,True,2018,1,1,Local
892,2018-07-03,Colombia,England,1,1,FIFA World Cup,Moscow,Russia,True,2018,2,0,Empate
893,2018-07-06,Uruguay,France,0,2,FIFA World Cup,Nizhny Novgorod,Russia,True,2018,2,2,Visitante
894,2018-07-06,Brazil,Belgium,1,2,FIFA World Cup,Kazan,Russia,True,2018,3,1,Visitante
895,2018-07-07,Sweden,England,0,2,FIFA World Cup,Samara,Russia,True,2018,2,2,Visitante
896,2018-07-07,Russia,Croatia,2,2,FIFA World Cup,Sochi,Russia,False,2018,4,0,Empate
897,2018-07-10,France,Belgium,1,0,FIFA World Cup,Saint Petersburg,Russia,True,2018,1,1,Local
898,2018-07-11,Croatia,England,2,1,FIFA World Cup,Moscow,Russia,True,2018,3,1,Local
899,2018-07-14,Belgium,England,2,0,FIFA World Cup,Saint Petersburg,Russia,True,2018,2,2,Local
900,2018-07-15,France,Croatia,4,2,FIFA World Cup,Moscow,Russia,True,2018,6,2,Local
901,2022-11-20,Qatar,Ecuador,0,2,FIFA World Cup,Al Khor,Qatar,False,2022,2,2,Visitante
902,2022-11-21,Senegal,Netherlands,0,2,FIFA World Cup,Doha,Qatar,True,2022,2,2,Visitante
903,2022-11-21,England,Iran,6,2,FIFA World Cup,Al Rayyan,Qatar,True,2022,8,4,Local
904,2022-11-21,United States,Wales,1,1,FIFA World Cup,Al Rayyan,Qatar,True,2022,2,0,Empate
905,2022-11-22,Argentina,Saudi Arabia,1,2,FIFA World Cup,Lusail,Qatar,True,2022,3,1,Visitante
906,2022-11-22,Mexico,Poland,0,0,FIFA World Cup,Doha,Qatar,True,2022,0,0,Empate
907,2022-11-22,Denmark,Tunisia,0,0,FIFA World Cup,Al Rayyan,Qatar,True,2022,0,0,Empate
908,2022-11-22,France,Australia,4,1,FIFA World Cup,Al Wakrah,Qatar,True,2022,5,3,Local
909,2022-11-23,Germany,Japan,1,2,FIFA World Cup,Al Rayyan,Qatar,True,2022,3,1,Visitante
910,2022-11-23,Spain,Costa Rica,7,0,FIFA World Cup,Doha,Qatar,True,2022,7,7,Local
911,2022-11-23,Morocco,Croatia,0,0,FIFA World Cup,Al Khor,Qatar,True,2022,0,0,Empate
912,2022-11-23,Belgium,Canada,1,0,FIFA World Cup,Al Rayyan,Qatar,True,2022,1,1,Local
913,2022-11-24,Switzerland,Cameroon,1,0,FIFA World Cup,Al Wakrah,Qatar,True,2022,1,1,Local
914,2022-11-24,Brazil,Serbia,2,0,FIFA World Cup,Lusail,Qatar,True,2022,2,2,Local
915,2022-11-24,Uruguay,South Korea,0,0,FIFA World Cup,Al Rayyan,Qatar,True,2022,0,0,Empate
916,2022-11-24,Portugal,Ghana,3,2,FIFA World Cup,Doha,Qatar,True,2022,5,1,Local
917,2022-11-25,Qatar,Senegal,1,3,FIFA World Cup,Doha,Qatar,False,2022,4,2,Visitante
918,2022-11-25,Netherlands,Ecuador,1,1,FIFA World Cup,Al Rayyan,Qatar,True,2022,2,0,Empate
919,2022-11-25,Wales,Iran,0,2,FIFA World Cup,Al Rayyan,Qatar,True,2022,2,2,Visitante
920,2022-11-25,England,United States,0,0,FIFA World Cup,Al Khor,Qatar,True,2022,0,0,Empate
921,2022-11-26,Poland,Saudi Arabia,2,0,FIFA World Cup,Al Rayyan,Qatar,True,2022,2,2,Local
922,2022-11-26,Argentina,Mexico,2,0,FIFA World Cup,Lusail,Qatar,True,2022,2,2,Local
923,2022-11-26,Tunisia,Australia,0,1,FIFA World Cup,Al Wakrah,Qatar,True,2022,1,1,Visitante
924,2022-11-26,France,Denmark,2,1,FIFA World Cup,Doha,Qatar,True,2022,3,1,Local
925,2022-11-27,Japan,Costa Rica,0,1,FIFA World Cup,Al Rayyan,Qatar,True,2022,1,1,Visitante
926,2022-11-27,Spain,Germany,1,1,FIFA World Cup,Al Khor,Qatar,True,2022,2,0,Empate
927,2022-11-27,Belgium,Morocco,0,2,FIFA World Cup,Doha,Qatar,True,2022,2,2,Visitante
928,2022-11-27,Croatia,Canada,4,1,FIFA World Cup,Al Rayyan,Qatar,True,2022,5,3,Local
929,2022-11-28,Cameroon,Serbia,3,3,FIFA World Cup,Al Wakrah,Qatar,True,2022,6,0,Empate
930,2022-11-28,Brazil,Switzerland,1,0,FIFA World Cup,Doha,Qatar,True,2022,1,1,Local
931,2022-11-28,South Korea,Ghana,2,3,FIFA World Cup,Al Rayyan,Qatar,True,2022,5,1,Visitante
932,2022-11-28,Portugal,Uruguay,2,0,FIFA World Cup,Lusail,Qatar,True,2022,2,2,Local
933,2022-11-29,Ecuador,Senegal,1,2,FIFA World Cup,Al Rayyan,Qatar,True,2022,3,1,Visitante
934,2022-11-29,Qatar,Netherlands,0,2,FIFA World Cup,Al Khor,Qatar,False,2022,2,2,Visitante
935,2022-11-29,Wales,England,0,3,FIFA World Cup,Al Rayyan,Qatar,True,2022,3,3,Visitante
936,2022-11-29,Iran,United States,0,1,FIFA World Cup,Doha,Qatar,True,2022,1,1,Visitante
937,2022-11-30,Poland,Argentina,0,2,FIFA World Cup,Doha,Qatar,True,2022,2,2,Visitante
938,2022-11-30,Saudi Arabia,Mexico,1,2,FIFA World Cup,Lusail,Qatar,True,2022,3,1,Visitante
939,2022-11-30,Australia,Denmark,1,0,FIFA World Cup,Al Wakrah,Qatar,True,2022,1,1,Local
940,2022-11-30,Tunisia,France,1,0,FIFA World Cup,Al Rayyan,Qatar,True,2022,1,1,Local
941,2022-12-01,Japan,Spain,2,1,FIFA World Cup,Al Rayyan,Qatar,True,2022,3,1,Local
942,2022-12-01,Costa Rica,Germany,2,4,FIFA World Cup,Al Khor,Qatar,True,2022,6,2,Visitante
943,2022-12-01,Croatia,Belgium,0,0,FIFA World Cup,Al Rayyan,Qatar,True,2022,0,0,Empate
944,2022-12-01,Canada,Morocco,1,2,FIFA World Cup,Doha,Qatar,True,2022,3,1,Visitante
945,2022-12-02,Serbia,Switzerland,2,3,FIFA World Cup,Doha,Qatar,True,2022,5,1,Visitante
946,2022-12-02,Cameroon,Brazil,1,0,FIFA World Cup,Lusail,Qatar,True,2022,1,1,Local
947,2022-12-02,Ghana,Uruguay,0,2,FIFA World Cup,Al Wakrah,Qatar,True,2022,2,2,Visitante
948,2022-12-02,South Korea,Portugal,2,1,FIFA World Cup,Al Rayyan,Qatar,True,2022,3,1,Local
949,2022-12-03,Netherlands,United States,3,1,FIFA World Cup,Al Rayyan,Qatar,True,2022,4,2,Local
950,2022-12-03,Argentina,Australia,2,1,FIFA World Cup,Al Rayyan,Qatar,True,2022,3,1,Local
951,2022-12-04,France,Poland,3,1,FIFA World Cup,Doha,Qatar,True,2022,4,2,Local
952,2022-12-04,England,Senegal,3,0,FIFA World Cup,Al Khor,Qatar,True,2022,3,3,Local
953,2022-12-05,Japan,Croatia,1,1,FIFA World Cup,Al Wakrah,Qatar,True,2022,2,0,Empate
954,2022-12-05,Brazil,South Korea,4,1,FIFA World Cup,Doha,Qatar,True,2022,5,3,Local
955,2022-12-06,Morocco,Spain,0,0,FIFA World Cup,Al Rayyan,Qatar,True,2022,0,0,Empate
956,2022-12-06,Portugal,Switzerland,6,1,FIFA World Cup,Lusail,Qatar,True,2022,7,5,Local
957,2022-12-09,Croatia,Brazil,1,1,FIFA World Cup,Al Rayyan,Qatar,True,2022,2,0,Empate
958,2022-12-09,Netherlands,Argentina,2,2,FIFA World Cup,Lusail,Qatar,True,2022,4,0,Empate
959,2022-12-10,Morocco,Portugal,1,0,FIFA World Cup,Doha,Qatar,True,2022,1,1,Local
960,2022-12-10,England,France,1,2,FIFA World Cup,Al Khor,Qatar,True,2022,3,1,Visitante
961,2022-12-13,Argentina,Croatia,3,0,FIFA World Cup,Lusail,Qatar,True,2022,3,3,Local
962,2022-12-14,France,Morocco,2,0,FIFA World Cup,Al Khor,Qatar,True,2022,2,2,Local
963,2022-12-17,Croatia,Morocco,2,1,FIFA World Cup,Al Rayyan,Qatar,True,2022,3,1,Local
964,2022-12-18,Argentina,France,3,3,FIFA World Cup,Lusail,Qatar,True,2022,6,0,Empate
965,2026-06-11,Mexico,South Africa,2,0,FIFA World Cup,Mexico City,Mexico,False,2026,2,2,Local
966,2026-06-11,South Korea,Czech Republic,2,1,FIFA World Cup,Zapopan,Mexico,True,2026,3,1,Local
967,2026-06-12,Canada,Bosnia and Herzegovina,1,1,FIFA World Cup,Toronto,Canada,False,2026,2,0,Empate
968,2026-06-12,United States,Paraguay,4,1,FIFA World Cup,Inglewood,United States,False,2026,5,3,Local
969,2026-06-13,Qatar,Switzerland,1,1,FIFA World Cup,Santa Clara,United States,True,2026,2,0,Empate
970,2026-06-13,Brazil,Morocco,1,1,FIFA World Cup,East Rutherford,United States,True,2026,2,0,Empate
971,2026-06-13,Haiti,Scotland,0,1,FIFA World Cup,Foxborough,United States,True,2026,1,1,Visitante
972,2026-06-13,Australia,Turkey,2,0,FIFA World Cup,Vancouver,Canada,True,2026,2,2,Local
973,2026-06-14,Germany,Curaçao,7,1,FIFA World Cup,Houston,United States,True,2026,8,6,Local
974,2026-06-14,Ivory Coast,Ecuador,1,0,FIFA World Cup,Philadelphia,United States,True,2026,1,1,Local
975,2026-06-14,Netherlands,Japan,2,2,FIFA World Cup,Arlington,United States,True,2026,4,0,Empate
976,2026-06-14,Sweden,Tunisia,5,1,FIFA World Cup,Guadalupe,Mexico,True,2026,6,4,Local
977,2026-06-15,Belgium,Egypt,1,1,FIFA World Cup,Seattle,United States,True,2026,2,0,Empate
978,2026-06-15,Iran,New Zealand,2,2,FIFA World Cup,Inglewood,United States,True,2026,4,0,Empate
979,2026-06-15,Spain,Cape Verde,0,0,FIFA World Cup,Atlanta,United States,True,2026,0,0,Empate
980,2026-06-15,Saudi Arabia,Uruguay,1,1,FIFA World Cup,Miami Gardens,United States,True,2026,2,0,Empate
981,2026-06-16,France,Senegal,3,1,FIFA World Cup,East Rutherford,United States,True,2026,4,2,Local
982,2026-06-16,Iraq,Norway,1,4,FIFA World Cup,Foxborough,United States,True,2026,5,3,Visitante
983,2026-06-16,Argentina,Algeria,3,0,FIFA World Cup,Kansas City,United States,True,2026,3,3,Local
984,2026-06-16,Austria,Jordan,3,1,FIFA World Cup,Santa Clara,United States,True,2026,4,2,Local
985,2026-06-17,Portugal,DR Congo,1,1,FIFA World Cup,Houston,United States,True,2026,2,0,Empate
986,2026-06-17,Uzbekistan,Colombia,1,3,FIFA World Cup,Mexico City,Mexico,True,2026,4,2,Visitante
987,2026-06-17,England,Croatia,4,2,FIFA World Cup,Arlington,United States,True,2026,6,2,Local
988,2026-06-17,Ghana,Panama,1,0,FIFA World Cup,Toronto,Canada,True,2026,1,1,Local
989,2026-06-18,Czech Republic,South Africa,1,1,FIFA World Cup,Atlanta,United States,True,2026,2,0,Empate
990,2026-06-18,Mexico,South Korea,1,0,FIFA World Cup,Zapopan,Mexico,False,2026,1,1,Local
991,2026-06-18,Switzerland,Bosnia and Herzegovina,4,1,FIFA World Cup,Inglewood,United States,True,2026,5,3,Local
992,2026-06-18,Canada,Qatar,6,0,FIFA World Cup,Vancouver,Canada,False,2026,6,6,Local
993,2026-06-19,Scotland,Morocco,0,1,FIFA World Cup,Foxborough,United States,True,2026,1,1,Visitante
994,2026-06-19,Brazil,Haiti,3,0,FIFA World Cup,Philadelphia,United States,True,2026,3,3,Local
995,2026-06-19,United States,Australia,2,0,FIFA World Cup,Seattle,United States,False,2026,2,2,Local
996,2026-06-19,Turkey,Paraguay,0,1,FIFA World Cup,Santa Clara,United States,True,2026,1,1,Visitante
997,2026-06-20,Germany,Ivory Coast,2,1,FIFA World Cup,Toronto,Canada,True,2026,3,1,Local
998,2026-06-20,Ecuador,Curaçao,0,0,FIFA World Cup,Kansas City,United States,True,2026,0,0,Empate
999,2026-06-20,Netherlands,Sweden,5,1,FIFA World Cup,Houston,United States,True,2026,6,4,Local
1000,2026-06-20,Tunisia,Japan,0,4,FIFA World Cup,Guadalupe,Mexico,True,2026,4,4,Visitante
1001,2026-06-21,Belgium,Iran,0,0,FIFA World Cup,Inglewood,United States,True,2026,0,0,Empate
1002,2026-06-21,New Zealand,Egypt,1,3,FIFA World Cup,Vancouver,Canada,True,2026,4,2,Visitante
1003,2026-06-21,Spain,Saudi Arabia,4,0,FIFA World Cup,Atlanta,United States,True,2026,4,4,Local
1004,2026-06-21,Uruguay,Cape Verde,2,2,FIFA World Cup,Miami Gardens,United States,True,2026,4,0,Empate
1005,2026-06-22,France,Iraq,3,0,FIFA World Cup,Philadelphia,United States,True,2026,3,3,Local
1006,2026-06-22,Norway,Senegal,3,2,FIFA World Cup,East Rutherford,United States,True,2026,5,1,Local
1007,2026-06-22,Argentina,Austria,2,0,FIFA World Cup,Arlington,United States,True,2026,2,2,Local
1008,2026-06-22,Jordan,Algeria,1,2,FIFA World Cup,Santa Clara,United States,True,2026,3,1,Visitante
1009,2026-06-23,Portugal,Uzbekistan,5,0,FIFA World Cup,Houston,United States,True,2026,5,5,Local
1010,2026-06-23,Colombia,DR Congo,1,0,FIFA World Cup,Zapopan,Mexico,True,2026,1,1,Local
1011,2026-06-23,England,Ghana,0,0,FIFA World Cup,Foxborough,United States,True,2026,0,0,Empate
1012,2026-06-23,Panama,Croatia,0,1,FIFA World Cup,Toronto,Canada,True,2026,1,1,Visitante
1013,2026-06-24,Mexico,Czech Republic,3,0,FIFA World Cup,Mexico City,Mexico,False,2026,3,3,Local
1014,2026-06-24,South Africa,South Korea,1,0,FIFA World Cup,Guadalupe,Mexico,True,2026,1,1,Local
1015,2026-06-24,Canada,Switzerland,1,2,FIFA World Cup,Vancouver,Canada,False,2026,3,1,Visitante
1016,2026-06-24,Bosnia and Herzegovina,Qatar,3,1,FIFA World Cup,Seattle,United States,True,2026,4,2,Local
1017,2026-06-24,Scotland,Brazil,0,3,FIFA World Cup,Miami Gardens,United States,True,2026,3,3,Visitante
1018,2026-06-24,Morocco,Haiti,4,2,FIFA World Cup,Atlanta,United States,True,2026,6,2,Local
1019,2026-06-25,United States,Turkey,2,3,FIFA World Cup,Inglewood,United States,False,2026,5,1,Visitante
1020,2026-06-25,Paraguay,Australia,0,0,FIFA World Cup,Santa Clara,United States,True,2026,0,0,Empate
1021,2026-06-25,Curaçao,Ivory Coast,0,2,FIFA World Cup,Philadelphia,United States,True,2026,2,2,Visitante
1022,2026-06-25,Ecuador,Germany,2,1,FIFA World Cup,East Rutherford,United States,True,2026,3,1,Local
1023,2026-06-25,Japan,Sweden,1,1,FIFA World Cup,Arlington,United States,True,2026,2,0,Empate
1024,2026-06-25,Tunisia,Netherlands,1,3,FIFA World Cup,Kansas City,United States,True,2026,4,2,Visitante
1025,2026-06-26,Egypt,Iran,1,1,FIFA World Cup,Seattle,United States,True,2026,2,0,Empate
1026,2026-06-26,New Zealand,Belgium,1,5,FIFA World Cup,Vancouver,Canada,True,2026,6,4,Visitante
1027,2026-06-26,Cape Verde,Saudi Arabia,0,0,FIFA World Cup,Houston,United States,True,2026,0,0,Empate
1028,2026-06-26,Uruguay,Spain,0,1,FIFA World Cup,Zapopan,Mexico,True,2026,1,1,Visitante
1029,2026-06-26,Norway,France,1,4,FIFA World Cup,Foxborough,United States,True,2026,5,3,Visitante
1030,2026-06-26,Senegal,Iraq,5,0,FIFA World Cup,Toronto,Canada,True,2026,5,5,Local
1031,2026-06-27,Algeria,Austria,3,3,FIFA World Cup,Kansas City,United States,True,2026,6,0,Empate
1032,2026-06-27,Jordan,Argentina,1,3,FIFA World Cup,Arlington,United States,True,2026,4,2,Visitante
1033,2026-06-27,Colombia,Portugal,0,0,FIFA World Cup,Miami Gardens,United States,True,2026,0,0,Empate
1034,2026-06-27,DR Congo,Uzbekistan,3,1,FIFA World Cup,Atlanta,United States,True,2026,4,2,Local
1035,2026-06-27,Panama,England,0,2,FIFA World Cup,East Rutherford,United States,True,2026,2,2,Visitante
1036,2026-06-27,Croatia,Ghana,2,1,FIFA World Cup,Philadelphia,United States,True,2026,3,1,Local
1037,2026-06-28,South Africa,Canada,0,1,FIFA World Cup,Inglewood,United States,True,2026,1,1,Visitante
1038,2026-06-29,Brazil,Japan,2,1,FIFA World Cup,Houston,United States,True,2026,3,1,Local
1039,2026-06-29,Germany,Paraguay,1,1,FIFA World Cup,Foxborough,United States,True,2026,2,0,Empate
1040,2026-06-29,Netherlands,Morocco,1,1,FIFA World Cup,Guadalupe,Mexico,True,2026,2,0,Empate
1041,2026-06-30,Ivory Coast,Norway,1,2,FIFA World Cup,Arlington,United States,True,2026,3,1,Visitante
1042,2026-06-30,France,Sweden,3,0,FIFA World Cup,East Rutherford,United States,True,2026,3,3,Local
1043,2026-06-30,Mexico,Ecuador,2,0,FIFA World Cup,Mexico City,Mexico,False,2026,2,2,Local
1044,2026-07-01,England,DR Congo,2,1,FIFA World Cup,Atlanta,United States,True,2026,3,1,Local
1045,2026-07-01,Belgium,Senegal,3,2,FIFA World Cup,Seattle,United States,True,2026,5,1,Local
1046,2026-07-01,United States,Bosnia and Herzegovina,2,0,FIFA World Cup,Santa Clara,United States,False,2026,2,2,Local
1047,2026-07-02,Spain,Austria,3,0,FIFA World Cup,Inglewood,United States,True,2026,3,3,Local
1048,2026-07-02,Portugal,Croatia,2,1,FIFA World Cup,Toronto,Canada,True,2026,3,1,Local
1049,2026-07-02,Switzerland,Algeria,2,0,FIFA World Cup,Vancouver,Canada,True,2026,2,2,Local
1050,2026-07-03,Australia,Egypt,1,1,FIFA World Cup,Arlington,United States,True,2026,2,0,Empate
1051,2026-07-03,Argentina,Cape Verde,3,2,FIFA World Cup,Miami Gardens,United States,True,2026,5,1,Local
1052,2026-07-03,Colombia,Ghana,1,0,FIFA World Cup,Kansas City,United States,True,2026,1,1,Local
1053,2026-07-04,Canada,Morocco,0,3,FIFA World Cup,Houston,United States,True,2026,3,3,Visitante
1054,2026-07-04,Paraguay,France,0,1,FIFA World Cup,Philadelphia,United States,True,2026,1,1,Visitante
1055,2026-07-05,Brazil,Norway,1,2,FIFA World Cup,East Rutherford,United States,True,2026,3,1,Visitante
1056,2026-07-05,Mexico,England,2,3,FIFA World Cup,Mexico City,Mexico,False,2026,5,1,Visitante
1057,2026-07-06,Portugal,Spain,0,1,FIFA World Cup,Dallas,United States,True,2026,1,1,Visitante
1058,2026-07-06,United States,Belgium,1,4,FIFA World Cup,Seattle,United States,False,2026,5,3,Visitante
1059,2026-07-07,Argentina,Egypt,3,2,FIFA World Cup,Atlanta,United States,True,2026,5,1,Local
1060,2026-07-07,Switzerland,Colombia,0,0,FIFA World Cup,Vancouver,Canada,True,2026,0,0,Empate
1061,2026-07-09,France,Morocco,2,0,FIFA World Cup,Foxborough,United States,True,2026,2,2,Local
1062,2026-07-10,Spain,Belgium,2,1,FIFA World Cup,Inglewood,United States,True,2026,3,1,Local
1063,2026-07-11,Norway,England,1,2,FIFA World Cup,Miami Gardens,United States,True,2026,3,1,Visitante
1064,2026-07-11,Argentina,Switzerland,3,1,FIFA World Cup,Kansas City,United States,True,2026,4,2,Local
1065,2026-07-14,France,Spain,0,2,FIFA World Cup,Arlington,United States,True,2026,2,2,Visitante
1066,2026-07-15,England,Argentina,1,2,FIFA World Cup,Atlanta,United States,True,2026,3,1,Visitante
1067,2026-07-18,France,England,4,6,FIFA World Cup,Miami Gardens,United States,True,2026,10,2,Visitante
1068,2026-07-19,Spain,Argentina,1,0,FIFA World Cup,East Rutherford,United States,True,2026,1,1,Local
